SRK_pok,pokemon_name,type_1,type_2,height,weight,hit_points,attack,defense,total_stats,capture_rate,generation,base_happiness,base_experience,exp_type,evolves_from,mega_evolution,alolan_form,galarian_form,forms_switchable,legendary,mythical,genderless,female_rate,egg_cycles,against_normal,against_fire,against_water,against_electric,against_grass,against_ice,against_fighting,against_poison,against_ground,against_flying,against_psychic,against_bug,against_rock,against_ghost,against_dragon,against_dark,against_steel,against_fairy
1,Bulbasaur,Grass,Poison,0.7,6.9,45,49,49,318,45,1,70,64,Medium Slow, ,False,False,False,False,False,False,False,0.125,20,1.0,2.0,0.5,0.5,0.25,2.0,0.5,1.0,1.0,2.0,2.0,1.0,1.0,1.0,1.0,1.0,1.0,0.5
2,Ivysaur,Grass,Poison,1.0,13.0,60,62,63,405,45,1,70,142,Medium Slow,Bulbasaur,False,False,False,False,False,False,False,0.125,20,1.0,2.0,0.5,0.5,0.25,2.0,0.5,1.0,1.0,2.0,2.0,1.0,1.0,1.0,1.0,1.0,1.0,0.5
3,Mega Venusaur,Grass,Poison,2.4,155.5,80,100,123,625,45,6,70,281,Medium Slow,Ivysaur,True,False,False,True,False,False,False,0.125,20,1.0,2.0,0.5,0.5,0.25,2.0,0.5,1.0,1.0,2.0,2.0,1.0,1.0,1.0,1.0,1.0,1.0,0.5
4,Charmander,Fire, ,0.6,8.5,39,52,43,309,45,1,70,62,Medium Slow, ,False,False,False,False,False,False,False,0.125,20,1.0,0.5,2.0,1.0,0.5,0.5,1.0,1.0,2.0,1.0,1.0,0.5,2.0,1.0,1.0,1.0,0.5,0.5
5,Charmeleon,Fire, ,1.1,19.0,58,64,58,405,45,1,70,142,Medium Slow,Charmander,False,False,False,False,False,False,False,0.125,20,1.0,0.5,2.0,1.0,0.5,0.5,1.0,1.0,2.0,1.0,1.0,0.5,2.0,1.0,1.0,1.0,0.5,0.5
6,Charizard,Fire,Flying,1.7,90.5,78,84,78,534,45,1,70,240,Medium Slow,Charmeleon,False,False,False,True,False,False,False,0.125,20,1.0,0.5,2.0,2.0,0.25,1.0,0.5,1.0,0.0,1.0,1.0,0.25,4.0,1.0,1.0,1.0,0.5,0.5
7,Squirtle,Water, ,0.5,9.0,44,48,65,314,45,1,70,63,Medium Slow, ,False,False,False,False,False,False,False,0.125,20,1.0,0.5,0.5,2.0,2.0,0.5,1.0,1.0,1.0,1.0,1.0,1.0,1.0,1.0,1.0,1.0,0.5,1.0
8,Wartortle,Water, ,1.0,22.5,59,63,80,405,45,1,70,142,Medium Slow,Squirtle,False,False,False,False,False,False,False,0.125,20,1.0,0.5,0.5,2.0,2.0,0.5,1.0,1.0,1.0,1.0,1.0,1.0,1.0,1.0,1.0,1.0,0.5,1.0
9,Blastoise,Water, ,1.6,85.5,79,83,100,530,45,1,70,239,Medium Slow,Wartortle,False,False,False,True,False,False,False,0.125,20,1.0,0.5,0.5,2.0,2.0,0.5,1.0,1.0,1.0,1.0,1.0,1.0,1.0,1.0,1.0,1.0,0.5,1.0
10,Caterpie,Bug, ,0.3,2.9,45,30,35,195,255,1,70,39,Medium Fast, ,False,False,False,False,False,False,False,0.5,15,1.0,2.0,1.0,1.0,0.5,1.0,0.5,1.0,0.5,2.0,1.0,1.0,2.0,1.0,1.0,1.0,1.0,1.0
11,Metapod,Bug, ,0.7,9.9,50,20,55,205,120,1,70,72,Medium Fast,Caterpie,False,False,False,False,False,False,False,0.5,15,1.0,2.0,1.0,1.0,0.5,1.0,0.5,1.0,0.5,2.0,1.0,1.0,2.0,1.0,1.0,1.0,1.0,1.0
12,Butterfree,Bug,Flying,1.1,32.0,60,45,50,395,45,1,70,178,Medium Fast,Metapod,False,False,False,False,False,False,False,0.5,15,1.0,2.0,1.0,2.0,0.25,2.0,0.25,1.0,0.0,2.0,1.0,0.5,4.0,1.0,1.0,1.0,1.0,1.0
13,Weedle,Bug,Poison,0.3,3.2,40,35,30,195,255,1,70,39,Medium Fast, ,False,False,False,False,False,False,False,0.5,15,1.0,2.0,1.0,1.0,0.25,1.0,0.25,0.5,1.0,2.0,2.0,0.5,2.0,1.0,1.0,1.0,1.0,0.5
14,Kakuna,Bug,Poison,0.6,10.0,45,25,50,205,120,1,70,72,Medium Fast,Weedle,False,False,False,False,False,False,False,0.5,15,1.0,2.0,1.0,1.0,0.25,1.0,0.25,0.5,1.0,2.0,2.0,0.5,2.0,1.0,1.0,1.0,1.0,0.5
15,Beedrill,Bug,Poison,1.0,29.5,65,90,40,395,45,1,70,178,Medium Fast,Kakuna,False,False,False,True,False,False,False,0.5,15,1.0,2.0,1.0,1.0,0.25,1.0,0.25,0.5,1.0,2.0,2.0,0.5,2.0,1.0,1.0,1.0,1.0,0.5
16,Pidgey,Normal,Flying,0.3,1.8,40,45,40,251,255,1,70,50,Medium Slow, ,False,False,False,False,False,False,False,0.5,15,1.0,1.0,1.0,2.0,0.5,2.0,1.0,1.0,0.0,1.0,1.0,0.5,2.0,0.0,1.0,1.0,1.0,1.0
17,Pidgeotto,Normal,Flying,1.1,30.0,63,60,55,349,120,1,70,122,Medium Slow,Pidgey,False,False,False,False,False,False,False,0.5,15,1.0,1.0,1.0,2.0,0.5,2.0,1.0,1.0,0.0,1.0,1.0,0.5,2.0,0.0,1.0,1.0,1.0,1.0
18,Mega Pidgeot,Normal,Flying,2.2,50.5,83,80,80,579,45,6,70,261,Medium Slow,Pidgeotto,True,False,False,True,False,False,False,0.5,15,1.0,1.0,1.0,2.0,0.5,2.0,1.0,1.0,0.0,1.0,1.0,0.5,2.0,0.0,1.0,1.0,1.0,1.0
19,Alolan Rattata,Dark,Normal,0.3,3.8,30,56,35,253,255,7,70,51,Medium Fast, ,False,True,False,False,False,False,False,0.5,15,1.0,1.0,1.0,1.0,1.0,1.0,4.0,1.0,1.0,1.0,0.0,2.0,1.0,0.0,1.0,0.5,1.0,2.0
20,Alolan Raticate,Dark,Normal,0.7,25.5,75,71,70,413,127,7,70,145,Medium Fast,Rattata,False,True,False,False,False,False,False,0.5,15,1.0,1.0,1.0,1.0,1.0,1.0,4.0,1.0,1.0,1.0,0.0,2.0,1.0,0.0,1.0,0.5,1.0,2.0
21,Spearow,Normal,Flying,0.3,2.0,40,60,30,262,255,1,70,52,Medium Fast, ,False,False,False,False,False,False,False,0.5,15,1.0,1.0,1.0,2.0,0.5,2.0,1.0,1.0,0.0,1.0,1.0,0.5,2.0,0.0,1.0,1.0,1.0,1.0
22,Fearow,Normal,Flying,1.2,38.0,65,90,65,442,90,1,70,155,Medium Fast,Spearow,False,False,False,False,False,False,False,0.5,15,1.0,1.0,1.0,2.0,0.5,2.0,1.0,1.0,0.0,1.0,1.0,0.5,2.0,0.0,1.0,1.0,1.0,1.0
23,Ekans,Poison, ,2.0,6.9,35,60,44,288,255,1,70,58,Medium Fast, ,False,False,False,False,False,False,False,0.5,20,1.0,1.0,1.0,1.0,0.5,1.0,0.5,0.5,2.0,1.0,2.0,0.5,1.0,1.0,1.0,1.0,1.0,0.5
24,Arbok,Poison, ,3.5,65.0,60,95,69,448,90,1,70,157,Medium Fast,Ekans,False,False,False,False,False,False,False,0.5,20,1.0,1.0,1.0,1.0,0.5,1.0,0.5,0.5,2.0,1.0,2.0,0.5,1.0,1.0,1.0,1.0,1.0,0.5
25,Pikachu,Electric, ,0.4,6.0,35,55,40,320,190,1,70,112,Medium Fast,Pichu,False,False,False,False,False,False,False,0.5,10,1.0,1.0,1.0,0.5,1.0,1.0,1.0,1.0,2.0,0.5,1.0,1.0,1.0,1.0,1.0,1.0,0.5,1.0
26,Alolan Raichu,Electric,Psychic,0.7,21.0,60,85,50,485,75,7,70,218,Medium Fast,Pikachu,False,True,False,False,False,False,False,0.5,10,1.0,1.0,1.0,0.5,1.0,1.0,0.5,1.0,2.0,0.5,0.5,2.0,1.0,2.0,1.0,2.0,0.5,1.0
27,Alolan Sandshrew,Ice,Steel,0.7,40.0,50,75,90,300,255,7,70,60,Medium Fast, ,False,True,False,False,False,False,False,0.5,20,0.5,4.0,1.0,1.0,0.5,0.25,4.0,0.0,2.0,0.5,0.5,0.5,1.0,1.0,0.5,1.0,1.0,0.5
28,Alolan Sandslash,Ice,Steel,1.2,55.0,75,100,120,450,90,7,70,158,Medium Fast,Sandshrew,False,True,False,False,False,False,False,0.5,20,0.5,4.0,1.0,1.0,0.5,0.25,4.0,0.0,2.0,0.5,0.5,0.5,1.0,1.0,0.5,1.0,1.0,0.5
29,Nidoran F,Poison, ,0.4,7.0,55,47,52,275,235,1,70,55,Medium Slow, ,False,False,False,False,False,False,False,1.0,20,1.0,1.0,1.0,1.0,0.5,1.0,0.5,0.5,2.0,1.0,2.0,0.5,1.0,1.0,1.0,1.0,1.0,0.5
30,Nidorina,Poison, ,0.8,20.0,70,62,67,365,120,1,70,128,Medium Slow,Nidoran F,False,False,False,False,False,False,False,1.0,20,1.0,1.0,1.0,1.0,0.5,1.0,0.5,0.5,2.0,1.0,2.0,0.5,1.0,1.0,1.0,1.0,1.0,0.5
31,Nidoqueen,Poison,Ground,1.3,60.0,90,92,87,505,45,1,70,227,Medium Slow,Nidorina,False,False,False,False,False,False,False,1.0,20,1.0,1.0,2.0,0.0,1.0,2.0,0.5,0.25,2.0,1.0,2.0,0.5,0.5,1.0,1.0,1.0,1.0,0.5
32,Nidoran M,Poison, ,0.5,9.0,46,57,40,273,235,1,70,55,Medium Slow, ,False,False,False,False,False,False,False,0.0,20,1.0,1.0,1.0,1.0,0.5,1.0,0.5,0.5,2.0,1.0,2.0,0.5,1.0,1.0,1.0,1.0,1.0,0.5
33,Nidorino,Poison, ,0.9,19.5,61,72,57,365,120,1,70,128,Medium Slow,Nidoran M,False,False,False,False,False,False,False,0.0,20,1.0,1.0,1.0,1.0,0.5,1.0,0.5,0.5,2.0,1.0,2.0,0.5,1.0,1.0,1.0,1.0,1.0,0.5
34,Nidoking,Poison,Ground,1.4,62.0,81,102,77,505,45,1,70,227,Medium Slow,Nidorino,False,False,False,False,False,False,False,0.0,20,1.0,1.0,2.0,0.0,1.0,2.0,0.5,0.25,2.0,1.0,2.0,0.5,0.5,1.0,1.0,1.0,1.0,0.5
35,Clefairy,Fairy, ,0.6,7.5,70,45,48,323,150,1,140,113,Fast,Cleffa,False,False,False,False,False,False,False,0.75,10,1.0,1.0,1.0,1.0,1.0,1.0,0.5,2.0,1.0,1.0,1.0,0.5,1.0,1.0,0.0,0.5,2.0,1.0
36,Clefable,Fairy, ,1.3,40.0,95,70,73,483,25,1,140,217,Fast,Clefairy,False,False,False,False,False,False,False,0.75,10,1.0,1.0,1.0,1.0,1.0,1.0,0.5,2.0,1.0,1.0,1.0,0.5,1.0,1.0,0.0,0.5,2.0,1.0
37,Alolan Vulpix,Ice, ,0.6,9.9,38,41,40,299,190,7,70,60,Medium Fast, ,False,True,False,False,False,False,False,0.75,20,1.0,2.0,1.0,1.0,1.0,0.5,2.0,1.0,1.0,1.0,1.0,1.0,2.0,1.0,1.0,1.0,2.0,1.0
38,Alolan Ninetales,Ice,Fairy,1.1,19.9,73,67,75,505,75,7,70,177,Medium Fast,Vulpix,False,True,False,False,False,False,False,0.75,20,1.0,2.0,1.0,1.0,1.0,0.5,1.0,2.0,1.0,1.0,1.0,0.5,2.0,1.0,0.0,0.5,4.0,1.0
39,Jigglypuff,Normal,Fairy,0.5,5.5,115,45,20,270,170,1,70,95,Fast,Igglybuff,False,False,False,False,False,False,False,0.75,10,1.0,1.0,1.0,1.0,1.0,1.0,1.0,2.0,1.0,1.0,1.0,0.5,1.0,0.0,0.0,0.5,2.0,1.0
40,Wigglytuff,Normal,Fairy,1.0,12.0,140,70,45,435,50,1,70,196,Fast,Jigglypuff,False,False,False,False,False,False,False,0.75,10,1.0,1.0,1.0,1.0,1.0,1.0,1.0,2.0,1.0,1.0,1.0,0.5,1.0,0.0,0.0,0.5,2.0,1.0
41,Zubat,Poison,Flying,0.8,7.5,40,45,35,245,255,1,70,49,Medium Fast, ,False,False,False,False,False,False,False,0.5,15,1.0,1.0,1.0,2.0,0.25,2.0,0.25,0.5,0.0,1.0,2.0,0.25,2.0,1.0,1.0,1.0,1.0,0.5
42,Golbat,Poison,Flying,1.6,55.0,75,80,70,455,90,1,70,159,Medium Fast,Zubat,False,False,False,False,False,False,False,0.5,15,1.0,1.0,1.0,2.0,0.25,2.0,0.25,0.5,0.0,1.0,2.0,0.25,2.0,1.0,1.0,1.0,1.0,0.5
43,Oddish,Grass,Poison,0.5,5.4,45,50,55,320,255,1,70,64,Medium Slow, ,False,False,False,False,False,False,False,0.5,20,1.0,2.0,0.5,0.5,0.25,2.0,0.5,1.0,1.0,2.0,2.0,1.0,1.0,1.0,1.0,1.0,1.0,0.5
44,Gloom,Grass,Poison,0.8,8.6,60,65,70,395,120,1,70,138,Medium Slow,Oddish,False,False,False,False,False,False,False,0.5,20,1.0,2.0,0.5,0.5,0.25,2.0,0.5,1.0,1.0,2.0,2.0,1.0,1.0,1.0,1.0,1.0,1.0,0.5
45,Vileplume,Grass,Poison,1.2,18.6,75,80,85,490,45,1,70,221,Medium Slow,Gloom,False,False,False,False,False,False,False,0.5,20,1.0,2.0,0.5,0.5,0.25,2.0,0.5,1.0,1.0,2.0,2.0,1.0,1.0,1.0,1.0,1.0,1.0,0.5
46,Paras,Bug,Grass,0.3,5.4,35,70,55,285,190,1,70,57,Medium Fast, ,False,False,False,False,False,False,False,0.5,20,1.0,4.0,0.5,0.5,0.25,2.0,0.5,2.0,0.25,4.0,1.0,2.0,2.0,1.0,1.0,1.0,1.0,1.0
47,Parasect,Bug,Grass,1.0,29.5,60,95,80,405,75,1,70,142,Medium Fast,Paras,False,False,False,False,False,False,False,0.5,20,1.0,4.0,0.5,0.5,0.25,2.0,0.5,2.0,0.25,4.0,1.0,2.0,2.0,1.0,1.0,1.0,1.0,1.0
48,Venonat,Bug,Poison,1.0,30.0,60,55,50,305,190,1,70,61,Medium Fast, ,False,False,False,False,False,False,False,0.5,20,1.0,2.0,1.0,1.0,0.25,1.0,0.25,0.5,1.0,2.0,2.0,0.5,2.0,1.0,1.0,1.0,1.0,0.5
49,Venomoth,Bug,Poison,1.5,12.5,70,65,60,450,75,1,70,158,Medium Fast,Venonat,False,False,False,False,False,False,False,0.5,20,1.0,2.0,1.0,1.0,0.25,1.0,0.25,0.5,1.0,2.0,2.0,0.5,2.0,1.0,1.0,1.0,1.0,0.5
50,Alolan Diglett,Ground,Steel,0.2,1.0,10,55,30,265,255,7,70,53,Medium Fast, ,False,True,False,False,False,False,False,0.5,20,0.5,2.0,2.0,0.0,1.0,1.0,2.0,0.0,2.0,0.5,0.5,0.5,0.25,1.0,0.5,1.0,0.5,0.5
51,Alolan Dugtrio,Ground,Steel,0.7,66.6,35,100,60,425,50,7,70,149,Medium Fast,Diglett,False,True,False,False,False,False,False,0.5,20,0.5,2.0,2.0,0.0,1.0,1.0,2.0,0.0,2.0,0.5,0.5,0.5,0.25,1.0,0.5,1.0,0.5,0.5
52,Alolan Meowth,Dark, ,0.4,4.2,40,35,35,290,255,7,70,58,Medium Fast, ,False,True,False,False,False,False,False,0.5,20,1.0,1.0,1.0,1.0,1.0,1.0,2.0,1.0,1.0,1.0,0.0,2.0,1.0,0.5,1.0,0.5,1.0,2.0
53,Alolan Persian,Dark, ,1.1,33.0,65,60,60,440,90,7,70,154,Medium Fast,Meowth,False,True,False,False,False,False,False,0.5,20,1.0,1.0,1.0,1.0,1.0,1.0,2.0,1.0,1.0,1.0,0.0,2.0,1.0,0.5,1.0,0.5,1.0,2.0
54,Psyduck,Water, ,0.8,19.6,50,52,48,320,190,1,70,64,Medium Fast, ,False,False,False,False,False,False,False,0.5,20,1.0,0.5,0.5,2.0,2.0,0.5,1.0,1.0,1.0,1.0,1.0,1.0,1.0,1.0,1.0,1.0,0.5,1.0
55,Golduck,Water, ,1.7,76.6,80,82,78,500,75,1,70,175,Medium Fast,Psyduck,False,False,False,False,False,False,False,0.5,20,1.0,0.5,0.5,2.0,2.0,0.5,1.0,1.0,1.0,1.0,1.0,1.0,1.0,1.0,1.0,1.0,0.5,1.0
56,Mankey,Fighting, ,0.5,28.0,40,80,35,305,190,1,70,61,Medium Fast, ,False,False,False,False,False,False,False,0.5,20,1.0,1.0,1.0,1.0,1.0,1.0,1.0,1.0,1.0,2.0,2.0,0.5,0.5,1.0,1.0,0.5,1.0,2.0
57,Primeape,Fighting, ,1.0,32.0,65,105,60,455,75,1,70,159,Medium Fast,Mankey,False,False,False,False,False,False,False,0.5,20,1.0,1.0,1.0,1.0,1.0,1.0,1.0,1.0,1.0,2.0,2.0,0.5,0.5,1.0,1.0,0.5,1.0,2.0
58,Growlithe,Fire, ,0.7,19.0,55,70,45,350,190,1,70,70,Slow, ,False,False,False,False,False,False,False,0.25,20,1.0,0.5,2.0,1.0,0.5,0.5,1.0,1.0,2.0,1.0,1.0,0.5,2.0,1.0,1.0,1.0,0.5,0.5
59,Arcanine,Fire, ,1.9,155.0,90,110,80,555,75,1,70,194,Slow,Growlithe,False,False,False,False,False,False,False,0.25,20,1.0,0.5,2.0,1.0,0.5,0.5,1.0,1.0,2.0,1.0,1.0,0.5,2.0,1.0,1.0,1.0,0.5,0.5
60,Poliwag,Water, ,0.6,12.4,40,50,40,300,255,1,70,60,Medium Slow, ,False,False,False,False,False,False,False,0.5,20,1.0,0.5,0.5,2.0,2.0,0.5,1.0,1.0,1.0,1.0,1.0,1.0,1.0,1.0,1.0,1.0,0.5,1.0
61,Poliwhirl,Water, ,1.0,20.0,65,65,65,385,120,1,70,135,Medium Slow,Poliwag,False,False,False,False,False,False,False,0.5,20,1.0,0.5,0.5,2.0,2.0,0.5,1.0,1.0,1.0,1.0,1.0,1.0,1.0,1.0,1.0,1.0,0.5,1.0
62,Poliwrath,Water,Fighting,1.3,54.0,90,95,95,510,45,1,70,230,Medium Slow,Poliwhirl,False,False,False,False,False,False,False,0.5,20,1.0,0.5,0.5,2.0,2.0,0.5,1.0,1.0,1.0,2.0,2.0,0.5,0.5,1.0,1.0,0.5,0.5,2.0
63,Abra,Psychic, ,0.9,19.5,25,20,15,310,200,1,70,62,Medium Slow, ,False,False,False,False,False,False,False,0.25,20,1.0,1.0,1.0,1.0,1.0,1.0,0.5,1.0,1.0,1.0,0.5,2.0,1.0,2.0,1.0,2.0,1.0,1.0
64,Kadabra,Psychic, ,1.3,56.5,40,35,30,400,100,1,70,140,Medium Slow,Abra,False,False,False,False,False,False,False,0.25,20,1.0,1.0,1.0,1.0,1.0,1.0,0.5,1.0,1.0,1.0,0.5,2.0,1.0,2.0,1.0,2.0,1.0,1.0
65,Alakazam,Psychic, ,1.5,48.0,55,50,45,500,50,1,70,225,Medium Slow,Kadabra,False,False,False,True,False,False,False,0.25,20,1.0,1.0,1.0,1.0,1.0,1.0,0.5,1.0,1.0,1.0,0.5,2.0,1.0,2.0,1.0,2.0,1.0,1.0
66,Machop,Fighting, ,0.8,19.5,70,80,50,305,180,1,70,61,Medium Slow, ,False,False,False,False,False,False,False,0.25,20,1.0,1.0,1.0,1.0,1.0,1.0,1.0,1.0,1.0,2.0,2.0,0.5,0.5,1.0,1.0,0.5,1.0,2.0
67,Machoke,Fighting, ,1.5,70.5,80,100,70,405,90,1,70,142,Medium Slow,Machop,False,False,False,False,False,False,False,0.25,20,1.0,1.0,1.0,1.0,1.0,1.0,1.0,1.0,1.0,2.0,2.0,0.5,0.5,1.0,1.0,0.5,1.0,2.0
68,Machamp,Fighting, ,1.6,130.0,90,130,80,505,45,1,70,227,Medium Slow,Machoke,False,False,False,False,False,False,False,0.25,20,1.0,1.0,1.0,1.0,1.0,1.0,1.0,1.0,1.0,2.0,2.0,0.5,0.5,1.0,1.0,0.5,1.0,2.0
69,Bellsprout,Grass,Poison,0.7,4.0,50,75,35,300,255,1,70,60,Medium Slow, ,False,False,False,False,False,False,False,0.5,20,1.0,2.0,0.5,0.5,0.25,2.0,0.5,1.0,1.0,2.0,2.0,1.0,1.0,1.0,1.0,1.0,1.0,0.5
70,Weepinbell,Grass,Poison,1.0,6.4,65,90,50,390,120,1,70,137,Medium Slow,Bellsprout,False,False,False,False,False,False,False,0.5,20,1.0,2.0,0.5,0.5,0.25,2.0,0.5,1.0,1.0,2.0,2.0,1.0,1.0,1.0,1.0,1.0,1.0,0.5
71,Victreebel,Grass,Poison,1.7,15.5,80,105,65,490,45,1,70,221,Medium Slow,Weepinbell,False,False,False,False,False,False,False,0.5,20,1.0,2.0,0.5,0.5,0.25,2.0,0.5,1.0,1.0,2.0,2.0,1.0,1.0,1.0,1.0,1.0,1.0,0.5
72,Tentacool,Water,Poison,0.9,45.5,40,40,35,335,190,1,70,67,Slow, ,False,False,False,False,False,False,False,0.5,20,1.0,0.5,0.5,2.0,1.0,0.5,0.5,0.5,2.0,1.0,2.0,0.5,1.0,1.0,1.0,1.0,0.5,0.5
73,Tentacruel,Water,Poison,1.6,55.0,80,70,65,515,60,1,70,180,Slow,Tentacool,False,False,False,False,False,False,False,0.5,20,1.0,0.5,0.5,2.0,1.0,0.5,0.5,0.5,2.0,1.0,2.0,0.5,1.0,1.0,1.0,1.0,0.5,0.5
74,Alolan Geodude,Rock,Electric,0.4,20.3,40,80,100,300,255,7,70,60,Medium Slow, ,False,True,False,False,False,False,False,0.5,15,0.5,0.5,2.0,0.5,2.0,1.0,2.0,0.5,4.0,0.25,1.0,1.0,1.0,1.0,1.0,1.0,1.0,1.0
75,Alolan Graveler,Rock,Electric,1.0,110.0,55,95,115,390,120,7,70,137,Medium Slow,Geodude,False,True,False,False,False,False,False,0.5,15,0.5,0.5,2.0,0.5,2.0,1.0,2.0,0.5,4.0,0.25,1.0,1.0,1.0,1.0,1.0,1.0,1.0,1.0
76,Alolan Golem,Rock,Electric,1.7,316.0,80,120,130,495,45,7,70,223,Medium Slow,Graveler,False,True,False,False,False,False,False,0.5,15,0.5,0.5,2.0,0.5,2.0,1.0,2.0,0.5,4.0,0.25,1.0,1.0,1.0,1.0,1.0,1.0,1.0,1.0
77,Galarian Ponyta,Psychic, ,0.8,24.0,50,85,55,410,190,8,70,82,Medium Fast, ,False,False,True,False,False,False,False,0.5,20,1.0,1.0,1.0,1.0,1.0,1.0,0.5,1.0,1.0,1.0,0.5,2.0,1.0,2.0,1.0,2.0,1.0,1.0
78,Galarian Rapidash,Psychic,Fairy,1.7,80.0,65,100,70,500,60,8,70,175,Medium Fast,Ponyta,False,False,True,False,False,False,False,0.5,20,1.0,1.0,1.0,1.0,1.0,1.0,0.25,2.0,1.0,1.0,0.5,1.0,1.0,2.0,0.0,1.0,2.0,1.0
79,Galarian Slowpoke,Psychic, ,1.2,36.0,90,65,65,315,190,8,70,63,Medium Fast, ,False,False,True,False,False,False,False,0.5,20,1.0,1.0,1.0,1.0,1.0,1.0,0.5,1.0,1.0,1.0,0.5,2.0,1.0,2.0,1.0,2.0,1.0,1.0
80,Galarian Slowbro,Poison,Psychic,1.6,70.5,95,100,95,490,75,8,70,172,Medium Fast,Slowpoke,False,False,True,True,False,False,False,0.5,20,1.0,1.0,1.0,1.0,0.5,1.0,0.25,0.5,2.0,1.0,1.0,1.0,1.0,2.0,1.0,2.0,1.0,0.5
81,Magnemite,Electric,Steel,0.3,6.0,25,35,70,325,190,1,70,65,Medium Fast, ,False,False,False,False,False,False,True,0.0,20,0.5,2.0,1.0,0.5,0.5,0.5,2.0,0.0,4.0,0.25,0.5,0.5,0.5,1.0,0.5,1.0,0.25,0.5
82,Magneton,Electric,Steel,1.0,60.0,50,60,95,465,60,1,70,163,Medium Fast,Magnemite,False,False,False,False,False,False,True,0.0,20,0.5,2.0,1.0,0.5,0.5,0.5,2.0,0.0,4.0,0.25,0.5,0.5,0.5,1.0,0.5,1.0,0.25,0.5
83,Farfetch'd,Normal,Flying,0.8,15.0,52,90,55,377,45,1,70,132,Medium Fast, ,False,False,False,False,False,False,False,0.5,20,1.0,1.0,1.0,2.0,0.5,2.0,1.0,1.0,0.0,1.0,1.0,0.5,2.0,0.0,1.0,1.0,1.0,1.0
84,Doduo,Normal,Flying,1.4,39.2,35,85,45,310,190,1,70,62,Medium Fast, ,False,False,False,False,False,False,False,0.5,20,1.0,1.0,1.0,2.0,0.5,2.0,1.0,1.0,0.0,1.0,1.0,0.5,2.0,0.0,1.0,1.0,1.0,1.0
85,Dodrio,Normal,Flying,1.8,85.2,60,110,70,470,45,1,70,165,Medium Fast,Doduo,False,False,False,False,False,False,False,0.5,20,1.0,1.0,1.0,2.0,0.5,2.0,1.0,1.0,0.0,1.0,1.0,0.5,2.0,0.0,1.0,1.0,1.0,1.0
86,Seel,Water, ,1.1,90.0,65,45,55,325,190,1,70,65,Medium Fast, ,False,False,False,False,False,False,False,0.5,20,1.0,0.5,0.5,2.0,2.0,0.5,1.0,1.0,1.0,1.0,1.0,1.0,1.0,1.0,1.0,1.0,0.5,1.0
87,Dewgong,Water,Ice,1.7,120.0,90,70,80,475,75,1,70,166,Medium Fast,Seel,False,False,False,False,False,False,False,0.5,20,1.0,1.0,0.5,2.0,2.0,0.25,2.0,1.0,1.0,1.0,1.0,1.0,2.0,1.0,1.0,1.0,1.0,1.0
88,Alolan Grimer,Poison,Dark,0.7,42.0,80,80,50,325,190,7,70,65,Medium Fast, ,False,True,False,False,False,False,False,0.5,20,1.0,1.0,1.0,1.0,0.5,1.0,1.0,0.5,2.0,1.0,0.0,1.0,1.0,0.5,1.0,0.5,1.0,1.0
89,Alolan Muk,Poison,Dark,1.0,52.0,105,105,75,500,75,7,70,175,Medium Fast,Grimer,False,True,False,False,False,False,False,0.5,20,1.0,1.0,1.0,1.0,0.5,1.0,1.0,0.5,2.0,1.0,0.0,1.0,1.0,0.5,1.0,0.5,1.0,1.0
90,Shellder,Water, ,0.3,4.0,30,65,100,305,190,1,70,61,Slow, ,False,False,False,False,False,False,False,0.5,20,1.0,0.5,0.5,2.0,2.0,0.5,1.0,1.0,1.0,1.0,1.0,1.0,1.0,1.0,1.0,1.0,0.5,1.0
91,Cloyster,Water,Ice,1.5,132.5,50,95,180,525,60,1,70,184,Slow,Shellder,False,False,False,False,False,False,False,0.5,20,1.0,1.0,0.5,2.0,2.0,0.25,2.0,1.0,1.0,1.0,1.0,1.0,2.0,1.0,1.0,1.0,1.0,1.0
92,Gastly,Ghost,Poison,1.3,0.1,30,35,30,310,190,1,70,62,Medium Slow, ,False,False,False,False,False,False,False,0.5,20,0.0,1.0,1.0,1.0,0.5,1.0,0.0,0.25,2.0,1.0,2.0,0.25,1.0,2.0,1.0,2.0,1.0,0.5
93,Haunter,Ghost,Poison,1.6,0.1,45,50,45,405,90,1,70,142,Medium Slow,Gastly,False,False,False,False,False,False,False,0.5,20,0.0,1.0,1.0,1.0,0.5,1.0,0.0,0.25,2.0,1.0,2.0,0.25,1.0,2.0,1.0,2.0,1.0,0.5
94,Gengar,Ghost,Poison,1.5,40.5,60,65,60,500,45,1,70,225,Medium Slow,Haunter,False,False,False,True,False,False,False,0.5,20,0.0,1.0,1.0,1.0,0.5,1.0,0.0,0.25,2.0,1.0,2.0,0.25,1.0,2.0,1.0,2.0,1.0,0.5
95,Onix,Rock,Ground,8.8,210.0,35,45,160,385,45,1,70,77,Medium Fast, ,False,False,False,False,False,False,False,0.5,25,0.5,0.5,4.0,0.0,4.0,2.0,2.0,0.25,2.0,0.5,1.0,1.0,0.5,1.0,1.0,1.0,2.0,1.0
96,Drowzee,Psychic, ,1.0,32.4,60,48,45,328,190,1,70,66,Medium Fast, ,False,False,False,False,False,False,False,0.5,20,1.0,1.0,1.0,1.0,1.0,1.0,0.5,1.0,1.0,1.0,0.5,2.0,1.0,2.0,1.0,2.0,1.0,1.0
97,Hypno,Psychic, ,1.6,75.6,85,73,70,483,75,1,70,169,Medium Fast,Drowzee,False,False,False,False,False,False,False,0.5,20,1.0,1.0,1.0,1.0,1.0,1.0,0.5,1.0,1.0,1.0,0.5,2.0,1.0,2.0,1.0,2.0,1.0,1.0
98,Krabby,Water, ,0.4,6.5,30,105,90,325,225,1,70,65,Medium Fast, ,False,False,False,False,False,False,False,0.5,20,1.0,0.5,0.5,2.0,2.0,0.5,1.0,1.0,1.0,1.0,1.0,1.0,1.0,1.0,1.0,1.0,0.5,1.0
99,Kingler,Water, ,1.3,60.0,55,130,115,475,60,1,70,166,Medium Fast,Krabby,False,False,False,False,False,False,False,0.5,20,1.0,0.5,0.5,2.0,2.0,0.5,1.0,1.0,1.0,1.0,1.0,1.0,1.0,1.0,1.0,1.0,0.5,1.0
100,Voltorb,Electric, ,0.5,10.4,40,30,50,330,190,1,70,66,Medium Fast, ,False,False,False,False,False,False,True,0.0,20,1.0,1.0,1.0,0.5,1.0,1.0,1.0,1.0,2.0,0.5,1.0,1.0,1.0,1.0,1.0,1.0,0.5,1.0
101,Electrode,Electric, ,1.2,66.6,60,50,70,490,60,1,70,172,Medium Fast,Voltorb,False,False,False,False,False,False,True,0.0,20,1.0,1.0,1.0,0.5,1.0,1.0,1.0,1.0,2.0,0.5,1.0,1.0,1.0,1.0,1.0,1.0,0.5,1.0
102,Exeggcute,Grass,Psychic,0.4,2.5,60,40,80,325,90,1,70,65,Slow, ,False,False,False,False,False,False,False,0.5,20,1.0,2.0,0.5,0.5,0.5,2.0,0.5,2.0,0.5,2.0,0.5,4.0,1.0,2.0,1.0,2.0,1.0,1.0
103,Alolan Exeggutor,Grass,Dragon,10.9,415.6,95,105,85,530,45,7,70,186,Slow,Exeggcute,False,True,False,False,False,False,False,0.5,20,1.0,1.0,0.25,0.25,0.25,4.0,1.0,2.0,0.5,2.0,1.0,2.0,1.0,1.0,2.0,1.0,1.0,2.0
104,Cubone,Ground, ,0.4,6.5,50,50,95,320,190,1,70,64,Medium Fast, ,False,False,False,False,False,False,False,0.5,20,1.0,1.0,2.0,0.0,2.0,2.0,1.0,0.5,1.0,1.0,1.0,1.0,0.5,1.0,1.0,1.0,1.0,1.0
105,Alolan Marowak,Fire,Ghost,1.0,34.0,60,80,110,425,75,7,70,149,Medium Fast,Cubone,False,True,False,False,False,False,False,0.5,20,0.0,0.5,2.0,1.0,0.5,0.5,0.0,0.5,2.0,1.0,1.0,0.25,2.0,2.0,1.0,2.0,0.5,0.5
106,Hitmonlee,Fighting, ,1.5,49.8,50,120,53,455,45,1,70,159,Medium Fast,Tyrogue,False,False,False,False,False,False,False,0.0,25,1.0,1.0,1.0,1.0,1.0,1.0,1.0,1.0,1.0,2.0,2.0,0.5,0.5,1.0,1.0,0.5,1.0,2.0
107,Hitmonchan,Fighting, ,1.4,50.2,50,105,79,455,45,1,70,159,Medium Fast,Tyrogue,False,False,False,False,False,False,False,0.0,25,1.0,1.0,1.0,1.0,1.0,1.0,1.0,1.0,1.0,2.0,2.0,0.5,0.5,1.0,1.0,0.5,1.0,2.0
108,Lickitung,Normal, ,1.2,65.5,90,55,75,385,45,1,70,77,Medium Fast, ,False,False,False,False,False,False,False,0.5,20,1.0,1.0,1.0,1.0,1.0,1.0,2.0,1.0,1.0,1.0,1.0,1.0,1.0,0.0,1.0,1.0,1.0,1.0
109,Koffing,Poison, ,0.6,1.0,40,65,95,340,190,1,70,68,Medium Fast, ,False,False,False,False,False,False,False,0.5,20,1.0,1.0,1.0,1.0,0.5,1.0,0.5,0.5,2.0,1.0,2.0,0.5,1.0,1.0,1.0,1.0,1.0,0.5
110,Galarian Weezing,Poison,Fairy,3.0,16.0,65,90,120,490,60,8,70,172,Medium Fast,Koffing,False,False,True,False,False,False,False,0.5,20,1.0,1.0,1.0,1.0,0.5,1.0,0.25,1.0,2.0,1.0,2.0,0.25,1.0,1.0,0.0,0.5,2.0,0.5
111,Rhyhorn,Ground,Rock,1.0,115.0,80,85,95,345,120,1,70,69,Slow, ,False,False,False,False,False,False,False,0.5,20,0.5,0.5,4.0,0.0,4.0,2.0,2.0,0.25,2.0,0.5,1.0,1.0,0.5,1.0,1.0,1.0,2.0,1.0
112,Rhydon,Ground,Rock,1.9,120.0,105,130,120,485,60,1,70,170,Slow,Rhyhorn,False,False,False,False,False,False,False,0.5,20,0.5,0.5,4.0,0.0,4.0,2.0,2.0,0.25,2.0,0.5,1.0,1.0,0.5,1.0,1.0,1.0,2.0,1.0
113,Chansey,Normal, ,1.1,34.6,250,5,5,450,30,1,140,395,Fast,Happiny,False,False,False,False,False,False,False,1.0,40,1.0,1.0,1.0,1.0,1.0,1.0,2.0,1.0,1.0,1.0,1.0,1.0,1.0,0.0,1.0,1.0,1.0,1.0
114,Tangela,Grass, ,1.0,35.0,65,55,115,435,45,1,70,87,Medium Fast, ,False,False,False,False,False,False,False,0.5,20,1.0,2.0,0.5,0.5,0.5,2.0,1.0,2.0,0.5,2.0,1.0,2.0,1.0,1.0,1.0,1.0,1.0,1.0
115,Kangaskhan,Normal, ,2.2,80.0,105,95,80,490,45,1,70,172,Medium Fast, ,False,False,False,True,False,False,False,1.0,20,1.0,1.0,1.0,1.0,1.0,1.0,2.0,1.0,1.0,1.0,1.0,1.0,1.0,0.0,1.0,1.0,1.0,1.0
116,Horsea,Water, ,0.4,8.0,30,40,70,295,225,1,70,59,Medium Fast, ,False,False,False,False,False,False,False,0.5,20,1.0,0.5,0.5,2.0,2.0,0.5,1.0,1.0,1.0,1.0,1.0,1.0,1.0,1.0,1.0,1.0,0.5,1.0
117,Seadra,Water, ,1.2,25.0,55,65,95,440,75,1,70,154,Medium Fast,Horsea,False,False,False,False,False,False,False,0.5,20,1.0,0.5,0.5,2.0,2.0,0.5,1.0,1.0,1.0,1.0,1.0,1.0,1.0,1.0,1.0,1.0,0.5,1.0
118,Goldeen,Water, ,0.6,15.0,45,67,60,320,225,1,70,64,Medium Fast, ,False,False,False,False,False,False,False,0.5,20,1.0,0.5,0.5,2.0,2.0,0.5,1.0,1.0,1.0,1.0,1.0,1.0,1.0,1.0,1.0,1.0,0.5,1.0
119,Seaking,Water, ,1.3,39.0,80,92,65,450,60,1,70,158,Medium Fast,Goldeen,False,False,False,False,False,False,False,0.5,20,1.0,0.5,0.5,2.0,2.0,0.5,1.0,1.0,1.0,1.0,1.0,1.0,1.0,1.0,1.0,1.0,0.5,1.0
120,Staryu,Water, ,0.8,34.5,30,45,55,340,225,1,70,68,Slow, ,False,False,False,False,False,False,True,0.0,20,1.0,0.5,0.5,2.0,2.0,0.5,1.0,1.0,1.0,1.0,1.0,1.0,1.0,1.0,1.0,1.0,0.5,1.0
121,Starmie,Water,Psychic,1.1,80.0,60,75,85,520,60,1,70,182,Slow,Staryu,False,False,False,False,False,False,True,0.0,20,1.0,0.5,0.5,2.0,2.0,0.5,0.5,1.0,1.0,1.0,0.5,2.0,1.0,2.0,1.0,2.0,0.5,1.0
122,Galarian Mr. Mime,Ice,Psychic,1.4,56.8,50,65,65,460,45,8,70,161,Medium Fast,Mime Jr,False,False,True,False,False,False,False,0.5,25,1.0,2.0,1.0,1.0,1.0,0.5,1.0,1.0,1.0,1.0,0.5,2.0,2.0,2.0,1.0,2.0,2.0,1.0
123,Scyther,Bug,Flying,1.5,56.0,70,110,80,500,45,1,70,100,Medium Fast, ,False,False,False,False,False,False,False,0.5,25,1.0,2.0,1.0,2.0,0.25,2.0,0.25,1.0,0.0,2.0,1.0,0.5,4.0,1.0,1.0,1.0,1.0,1.0
124,Jynx,Ice,Psychic,1.4,40.6,65,50,35,455,45,1,70,159,Medium Fast,Smoochum,False,False,False,False,False,False,False,1.0,25,1.0,2.0,1.0,1.0,1.0,0.5,1.0,1.0,1.0,1.0,0.5,2.0,2.0,2.0,1.0,2.0,2.0,1.0
125,Electabuzz,Electric, ,1.1,30.0,65,83,57,490,45,1,70,172,Medium Fast,Elekid,False,False,False,False,False,False,False,0.25,25,1.0,1.0,1.0,0.5,1.0,1.0,1.0,1.0,2.0,0.5,1.0,1.0,1.0,1.0,1.0,1.0,0.5,1.0
126,Magmar,Fire, ,1.3,44.5,65,95,57,495,45,1,70,173,Medium Fast,Magby,False,False,False,False,False,False,False,0.25,25,1.0,0.5,2.0,1.0,0.5,0.5,1.0,1.0,2.0,1.0,1.0,0.5,2.0,1.0,1.0,1.0,0.5,0.5
127,Mega Pinsir,Bug,Flying,1.7,59.0,65,155,120,600,45,6,70,210,Slow, ,True,False,False,True,False,False,False,0.5,25,1.0,2.0,1.0,2.0,0.25,2.0,0.25,1.0,0.0,2.0,1.0,0.5,4.0,1.0,1.0,1.0,1.0,1.0
128,Tauros,Normal, ,1.4,88.4,75,100,95,490,45,1,70,172,Slow, ,False,False,False,False,False,False,False,0.0,20,1.0,1.0,1.0,1.0,1.0,1.0,2.0,1.0,1.0,1.0,1.0,1.0,1.0,0.0,1.0,1.0,1.0,1.0
129,Magikarp,Water, ,0.9,10.0,20,10,55,200,255,1,70,40,Slow, ,False,False,False,False,False,False,False,0.5,5,1.0,0.5,0.5,2.0,2.0,0.5,1.0,1.0,1.0,1.0,1.0,1.0,1.0,1.0,1.0,1.0,0.5,1.0
130,Gyarados,Water,Flying,6.5,235.0,95,125,79,540,45,1,70,189,Slow,Magikarp,False,False,False,True,False,False,False,0.5,5,1.0,0.5,0.5,4.0,1.0,1.0,0.5,1.0,0.0,1.0,1.0,0.5,2.0,1.0,1.0,1.0,0.5,1.0
131,Lapras,Water,Ice,2.5,220.0,130,85,80,535,45,1,70,187,Slow, ,False,False,False,False,False,False,False,0.5,40,1.0,1.0,0.5,2.0,2.0,0.25,2.0,1.0,1.0,1.0,1.0,1.0,2.0,1.0,1.0,1.0,1.0,1.0
132,Ditto,Normal, ,0.3,4.0,48,48,48,288,35,1,70,101,Medium Fast, ,False,False,False,False,False,False,True,0.0,20,1.0,1.0,1.0,1.0,1.0,1.0,2.0,1.0,1.0,1.0,1.0,1.0,1.0,0.0,1.0,1.0,1.0,1.0
133,Eevee,Normal, ,0.3,6.5,55,55,50,325,45,1,70,65,Medium Fast, ,False,False,False,False,False,False,False,0.125,35,1.0,1.0,1.0,1.0,1.0,1.0,2.0,1.0,1.0,1.0,1.0,1.0,1.0,0.0,1.0,1.0,1.0,1.0
134,Vaporeon,Water, ,1.0,29.0,130,65,60,525,45,1,70,184,Medium Fast,Eevee,False,False,False,False,False,False,False,0.125,35,1.0,0.5,0.5,2.0,2.0,0.5,1.0,1.0,1.0,1.0,1.0,1.0,1.0,1.0,1.0,1.0,0.5,1.0
135,Jolteon,Electric, ,0.8,24.5,65,65,60,525,45,1,70,184,Medium Fast,Eevee,False,False,False,False,False,False,False,0.125,35,1.0,1.0,1.0,0.5,1.0,1.0,1.0,1.0,2.0,0.5,1.0,1.0,1.0,1.0,1.0,1.0,0.5,1.0
136,Flareon,Fire, ,0.9,25.0,65,130,60,525,45,1,70,184,Medium Fast,Eevee,False,False,False,False,False,False,False,0.125,35,1.0,0.5,2.0,1.0,0.5,0.5,1.0,1.0,2.0,1.0,1.0,0.5,2.0,1.0,1.0,1.0,0.5,0.5
137,Porygon,Normal, ,0.8,36.5,65,60,70,395,45,1,70,79,Medium Fast, ,False,False,False,False,False,False,True,0.0,20,1.0,1.0,1.0,1.0,1.0,1.0,2.0,1.0,1.0,1.0,1.0,1.0,1.0,0.0,1.0,1.0,1.0,1.0
138,Omanyte,Rock,Water,0.4,7.5,35,40,100,355,45,1,70,71,Medium Fast, ,False,False,False,False,False,False,False,0.125,30,0.5,0.25,1.0,2.0,4.0,0.5,2.0,0.5,2.0,0.5,1.0,1.0,1.0,1.0,1.0,1.0,1.0,1.0
139,Omastar,Rock,Water,1.0,35.0,70,60,125,495,45,1,70,173,Medium Fast,Omanyte,False,False,False,False,False,False,False,0.125,30,0.5,0.25,1.0,2.0,4.0,0.5,2.0,0.5,2.0,0.5,1.0,1.0,1.0,1.0,1.0,1.0,1.0,1.0
140,Kabuto,Rock,Water,0.5,11.5,30,80,90,355,45,1,70,71,Medium Fast, ,False,False,False,False,False,False,False,0.125,30,0.5,0.25,1.0,2.0,4.0,0.5,2.0,0.5,2.0,0.5,1.0,1.0,1.0,1.0,1.0,1.0,1.0,1.0
141,Kabutops,Rock,Water,1.3,40.5,60,115,105,495,45,1,70,173,Medium Fast,Kabuto,False,False,False,False,False,False,False,0.125,30,0.5,0.25,1.0,2.0,4.0,0.5,2.0,0.5,2.0,0.5,1.0,1.0,1.0,1.0,1.0,1.0,1.0,1.0
142,Aerodactyl,Rock,Flying,1.8,59.0,80,105,65,515,45,1,70,180,Slow, ,False,False,False,True,False,False,False,0.125,35,0.5,0.5,2.0,2.0,1.0,2.0,1.0,0.5,0.0,0.5,1.0,0.5,2.0,1.0,1.0,1.0,2.0,1.0
143,Snorlax,Normal, ,2.1,460.0,160,110,65,540,25,1,70,189,Slow,Munchlax,False,False,False,False,False,False,False,0.125,40,1.0,1.0,1.0,1.0,1.0,1.0,2.0,1.0,1.0,1.0,1.0,1.0,1.0,0.0,1.0,1.0,1.0,1.0
144,Articuno,Ice,Flying,1.7,55.4,90,85,100,580,3,1,35,261,Slow, ,False,False,False,False,True,False,True,0.0,80,1.0,2.0,1.0,2.0,0.5,1.0,1.0,1.0,0.0,1.0,1.0,0.5,4.0,1.0,1.0,1.0,2.0,1.0
145,Galarian Zapdos,Fighting,Flying,1.6,58.2,90,125,90,580,3,8,35,261,Slow, ,False,False,True,False,True,False,True,0.0,80,1.0,1.0,1.0,2.0,0.5,2.0,0.5,1.0,0.0,2.0,2.0,0.25,1.0,1.0,1.0,0.5,1.0,2.0
146,Galarian Moltres,Dark,Flying,2.0,66.0,90,85,90,580,3,8,35,261,Slow, ,False,False,True,False,True,False,True,0.0,80,1.0,1.0,1.0,2.0,0.5,2.0,1.0,1.0,0.0,1.0,0.0,1.0,2.0,0.5,1.0,0.5,1.0,2.0
147,Dratini,Dragon, ,1.8,3.3,41,64,45,300,45,1,35,60,Slow, ,False,False,False,False,False,False,False,0.5,40,1.0,0.5,0.5,0.5,0.5,2.0,1.0,1.0,1.0,1.0,1.0,1.0,1.0,1.0,2.0,1.0,1.0,2.0
148,Dragonair,Dragon, ,4.0,16.5,61,84,65,420,45,1,35,147,Slow,Dratini,False,False,False,False,False,False,False,0.5,40,1.0,0.5,0.5,0.5,0.5,2.0,1.0,1.0,1.0,1.0,1.0,1.0,1.0,1.0,2.0,1.0,1.0,2.0
149,Dragonite,Dragon,Flying,2.2,210.0,91,134,95,600,45,1,35,270,Slow,Dragonair,False,False,False,False,False,False,False,0.5,40,1.0,0.5,0.5,1.0,0.25,4.0,0.5,1.0,0.0,1.0,1.0,0.5,2.0,1.0,2.0,1.0,1.0,2.0
150,Mega Mewtwo X,Psychic,Fighting,2.3,127.0,106,190,100,780,3,6,0,351,Slow, ,True,False,False,True,True,False,True,0.0,120,1.0,1.0,1.0,1.0,1.0,1.0,0.5,1.0,1.0,2.0,1.0,1.0,0.5,2.0,1.0,1.0,1.0,2.0
151,Mew,Psychic, ,0.4,4.0,100,100,100,600,45,1,100,270,Medium Slow, ,False,False,False,False,False,True,True,0.0,120,1.0,1.0,1.0,1.0,1.0,1.0,0.5,1.0,1.0,1.0,0.5,2.0,1.0,2.0,1.0,2.0,1.0,1.0
152,Chikorita,Grass, ,0.9,6.4,45,49,65,318,45,2,70,64,Medium Slow, ,False,False,False,False,False,False,False,0.125,20,1.0,2.0,0.5,0.5,0.5,2.0,1.0,2.0,0.5,2.0,1.0,2.0,1.0,1.0,1.0,1.0,1.0,1.0
153,Bayleef,Grass, ,1.2,15.8,60,62,80,405,45,2,70,142,Medium Slow,Chikorita,False,False,False,False,False,False,False,0.125,20,1.0,2.0,0.5,0.5,0.5,2.0,1.0,2.0,0.5,2.0,1.0,2.0,1.0,1.0,1.0,1.0,1.0,1.0
154,Meganium,Grass, ,1.8,100.5,80,82,100,525,45,2,70,236,Medium Slow,Bayleef,False,False,False,False,False,False,False,0.125,20,1.0,2.0,0.5,0.5,0.5,2.0,1.0,2.0,0.5,2.0,1.0,2.0,1.0,1.0,1.0,1.0,1.0,1.0
155,Cyndaquil,Fire, ,0.5,7.9,39,52,43,309,45,2,70,62,Medium Slow, ,False,False,False,False,False,False,False,0.125,20,1.0,0.5,2.0,1.0,0.5,0.5,1.0,1.0,2.0,1.0,1.0,0.5,2.0,1.0,1.0,1.0,0.5,0.5
156,Quilava,Fire, ,0.9,19.0,58,64,58,405,45,2,70,142,Medium Slow,Cyndaquil,False,False,False,False,False,False,False,0.125,20,1.0,0.5,2.0,1.0,0.5,0.5,1.0,1.0,2.0,1.0,1.0,0.5,2.0,1.0,1.0,1.0,0.5,0.5
157,Typhlosion,Fire, ,1.7,79.5,78,84,78,534,45,2,70,240,Medium Slow,Quilava,False,False,False,False,False,False,False,0.125,20,1.0,0.5,2.0,1.0,0.5,0.5,1.0,1.0,2.0,1.0,1.0,0.5,2.0,1.0,1.0,1.0,0.5,0.5
158,Totodile,Water, ,0.6,9.5,50,65,64,314,45,2,70,63,Medium Slow, ,False,False,False,False,False,False,False,0.125,20,1.0,0.5,0.5,2.0,2.0,0.5,1.0,1.0,1.0,1.0,1.0,1.0,1.0,1.0,1.0,1.0,0.5,1.0
159,Croconaw,Water, ,1.1,25.0,65,80,80,405,45,2,70,142,Medium Slow,Totodile,False,False,False,False,False,False,False,0.125,20,1.0,0.5,0.5,2.0,2.0,0.5,1.0,1.0,1.0,1.0,1.0,1.0,1.0,1.0,1.0,1.0,0.5,1.0
160,Feraligatr,Water, ,2.3,88.8,85,105,100,530,45,2,70,239,Medium Slow,Croconaw,False,False,False,False,False,False,False,0.125,20,1.0,0.5,0.5,2.0,2.0,0.5,1.0,1.0,1.0,1.0,1.0,1.0,1.0,1.0,1.0,1.0,0.5,1.0
161,Sentret,Normal, ,0.8,6.0,35,46,34,215,255,2,70,43,Medium Fast, ,False,False,False,False,False,False,False,0.5,15,1.0,1.0,1.0,1.0,1.0,1.0,2.0,1.0,1.0,1.0,1.0,1.0,1.0,0.0,1.0,1.0,1.0,1.0
162,Furret,Normal, ,1.8,32.5,85,76,64,415,90,2,70,145,Medium Fast,Sentret,False,False,False,False,False,False,False,0.5,15,1.0,1.0,1.0,1.0,1.0,1.0,2.0,1.0,1.0,1.0,1.0,1.0,1.0,0.0,1.0,1.0,1.0,1.0
163,Hoothoot,Normal,Flying,0.7,21.2,60,30,30,262,255,2,70,52,Medium Fast, ,False,False,False,False,False,False,False,0.5,15,1.0,1.0,1.0,2.0,0.5,2.0,1.0,1.0,0.0,1.0,1.0,0.5,2.0,0.0,1.0,1.0,1.0,1.0
164,Noctowl,Normal,Flying,1.6,40.8,100,50,50,452,90,2,70,158,Medium Fast,Hoothoot,False,False,False,False,False,False,False,0.5,15,1.0,1.0,1.0,2.0,0.5,2.0,1.0,1.0,0.0,1.0,1.0,0.5,2.0,0.0,1.0,1.0,1.0,1.0
165,Ledyba,Bug,Flying,1.0,10.8,40,20,30,265,255,2,70,53,Fast, ,False,False,False,False,False,False,False,0.5,15,1.0,2.0,1.0,2.0,0.25,2.0,0.25,1.0,0.0,2.0,1.0,0.5,4.0,1.0,1.0,1.0,1.0,1.0
166,Ledian,Bug,Flying,1.4,35.6,55,35,50,390,90,2,70,137,Fast,Ledyba,False,False,False,False,False,False,False,0.5,15,1.0,2.0,1.0,2.0,0.25,2.0,0.25,1.0,0.0,2.0,1.0,0.5,4.0,1.0,1.0,1.0,1.0,1.0
167,Spinarak,Bug,Poison,0.5,8.5,40,60,40,250,255,2,70,50,Fast, ,False,False,False,False,False,False,False,0.5,15,1.0,2.0,1.0,1.0,0.25,1.0,0.25,0.5,1.0,2.0,2.0,0.5,2.0,1.0,1.0,1.0,1.0,0.5
168,Ariados,Bug,Poison,1.1,33.5,70,90,70,400,90,2,70,140,Fast,Spinarak,False,False,False,False,False,False,False,0.5,15,1.0,2.0,1.0,1.0,0.25,1.0,0.25,0.5,1.0,2.0,2.0,0.5,2.0,1.0,1.0,1.0,1.0,0.5
169,Crobat,Poison,Flying,1.8,75.0,85,90,80,535,90,2,70,241,Medium Fast,Golbat,False,False,False,False,False,False,False,0.5,15,1.0,1.0,1.0,2.0,0.25,2.0,0.25,0.5,0.0,1.0,2.0,0.25,2.0,1.0,1.0,1.0,1.0,0.5
170,Chinchou,Water,Electric,0.5,12.0,75,38,38,330,190,2,70,66,Slow, ,False,False,False,False,False,False,False,0.5,20,1.0,0.5,0.5,1.0,2.0,0.5,1.0,1.0,2.0,0.5,1.0,1.0,1.0,1.0,1.0,1.0,0.25,1.0
171,Lanturn,Water,Electric,1.2,22.5,125,58,58,460,75,2,70,161,Slow,Chinchou,False,False,False,False,False,False,False,0.5,20,1.0,0.5,0.5,1.0,2.0,0.5,1.0,1.0,2.0,0.5,1.0,1.0,1.0,1.0,1.0,1.0,0.25,1.0
172,Pichu,Electric, ,0.3,2.0,20,40,15,205,190,2,70,41,Medium Fast, ,False,False,False,False,False,False,False,0.5,10,1.0,1.0,1.0,0.5,1.0,1.0,1.0,1.0,2.0,0.5,1.0,1.0,1.0,1.0,1.0,1.0,0.5,1.0
173,Cleffa,Fairy, ,0.3,3.0,50,25,28,218,150,2,140,44,Fast, ,False,False,False,False,False,False,False,0.75,10,1.0,1.0,1.0,1.0,1.0,1.0,0.5,2.0,1.0,1.0,1.0,0.5,1.0,1.0,0.0,0.5,2.0,1.0
174,Igglybuff,Normal,Fairy,0.3,1.0,90,30,15,210,170,2,70,42,Fast, ,False,False,False,False,False,False,False,0.75,10,1.0,1.0,1.0,1.0,1.0,1.0,1.0,2.0,1.0,1.0,1.0,0.5,1.0,0.0,0.0,0.5,2.0,1.0
175,Togepi,Fairy, ,0.3,1.5,35,20,65,245,190,2,70,49,Fast, ,False,False,False,False,False,False,False,0.125,10,1.0,1.0,1.0,1.0,1.0,1.0,0.5,2.0,1.0,1.0,1.0,0.5,1.0,1.0,0.0,0.5,2.0,1.0
176,Togetic,Fairy,Flying,0.6,3.2,55,40,85,405,75,2,70,142,Fast,Togepi,False,False,False,False,False,False,False,0.125,10,1.0,1.0,1.0,2.0,0.5,2.0,0.25,2.0,0.0,1.0,1.0,0.25,2.0,1.0,0.0,0.5,2.0,1.0
177,Natu,Psychic,Flying,0.2,2.0,40,50,45,320,190,2,70,64,Medium Fast, ,False,False,False,False,False,False,False,0.5,20,1.0,1.0,1.0,2.0,0.5,2.0,0.25,1.0,0.0,1.0,0.5,1.0,2.0,2.0,1.0,2.0,1.0,1.0
178,Xatu,Psychic,Flying,1.5,15.0,65,75,70,470,75,2,70,165,Medium Fast,Natu,False,False,False,False,False,False,False,0.5,20,1.0,1.0,1.0,2.0,0.5,2.0,0.25,1.0,0.0,1.0,0.5,1.0,2.0,2.0,1.0,2.0,1.0,1.0
179,Mareep,Electric, ,0.6,7.8,55,40,40,280,235,2,70,56,Medium Slow, ,False,False,False,False,False,False,False,0.5,20,1.0,1.0,1.0,0.5,1.0,1.0,1.0,1.0,2.0,0.5,1.0,1.0,1.0,1.0,1.0,1.0,0.5,1.0
180,Flaaffy,Electric, ,0.8,13.3,70,55,55,365,120,2,70,128,Medium Slow,Mareep,False,False,False,False,False,False,False,0.5,20,1.0,1.0,1.0,0.5,1.0,1.0,1.0,1.0,2.0,0.5,1.0,1.0,1.0,1.0,1.0,1.0,0.5,1.0
181,Ampharos,Electric, ,1.4,61.5,90,75,85,510,45,2,70,230,Medium Slow,Flaaffy,False,False,False,True,False,False,False,0.5,20,1.0,1.0,1.0,0.5,1.0,1.0,1.0,1.0,2.0,0.5,1.0,1.0,1.0,1.0,1.0,1.0,0.5,1.0
182,Bellossom,Grass, ,0.4,5.8,75,80,95,490,45,2,70,221,Medium Slow,Gloom,False,False,False,False,False,False,False,0.5,20,1.0,2.0,0.5,0.5,0.5,2.0,1.0,2.0,0.5,2.0,1.0,2.0,1.0,1.0,1.0,1.0,1.0,1.0
183,Marill,Water,Fairy,0.4,8.5,70,20,50,250,190,2,70,88,Fast,Azurill,False,False,False,False,False,False,False,0.5,10,1.0,0.5,0.5,2.0,2.0,0.5,0.5,2.0,1.0,1.0,1.0,0.5,1.0,1.0,0.0,0.5,1.0,1.0
184,Azumarill,Water,Fairy,0.8,28.5,100,50,80,420,75,2,70,189,Fast,Marill,False,False,False,False,False,False,False,0.5,10,1.0,0.5,0.5,2.0,2.0,0.5,0.5,2.0,1.0,1.0,1.0,0.5,1.0,1.0,0.0,0.5,1.0,1.0
185,Sudowoodo,Rock, ,1.2,38.0,70,100,115,410,65,2,70,144,Medium Fast,Bonsly,False,False,False,False,False,False,False,0.5,20,0.5,0.5,2.0,1.0,2.0,1.0,2.0,0.5,2.0,0.5,1.0,1.0,1.0,1.0,1.0,1.0,2.0,1.0
186,Politoed,Water, ,1.1,33.9,90,75,75,500,45,2,70,225,Medium Slow,Poliwhirl,False,False,False,False,False,False,False,0.5,20,1.0,0.5,0.5,2.0,2.0,0.5,1.0,1.0,1.0,1.0,1.0,1.0,1.0,1.0,1.0,1.0,0.5,1.0
187,Hoppip,Grass,Flying,0.4,0.5,35,35,40,250,255,2,70,50,Medium Slow, ,False,False,False,False,False,False,False,0.5,20,1.0,2.0,0.5,1.0,0.25,4.0,0.5,2.0,0.0,2.0,1.0,1.0,2.0,1.0,1.0,1.0,1.0,1.0
188,Skiploom,Grass,Flying,0.6,1.0,55,45,50,340,120,2,70,119,Medium Slow,Hoppip,False,False,False,False,False,False,False,0.5,20,1.0,2.0,0.5,1.0,0.25,4.0,0.5,2.0,0.0,2.0,1.0,1.0,2.0,1.0,1.0,1.0,1.0,1.0
189,Jumpluff,Grass,Flying,0.8,3.0,75,55,70,460,45,2,70,207,Medium Slow,Skiploom,False,False,False,False,False,False,False,0.5,20,1.0,2.0,0.5,1.0,0.25,4.0,0.5,2.0,0.0,2.0,1.0,1.0,2.0,1.0,1.0,1.0,1.0,1.0
190,Aipom,Normal, ,0.8,11.5,55,70,55,360,45,2,70,72,Fast, ,False,False,False,False,False,False,False,0.5,20,1.0,1.0,1.0,1.0,1.0,1.0,2.0,1.0,1.0,1.0,1.0,1.0,1.0,0.0,1.0,1.0,1.0,1.0
191,Sunkern,Grass, ,0.3,1.8,30,30,30,180,235,2,70,36,Medium Slow, ,False,False,False,False,False,False,False,0.5,20,1.0,2.0,0.5,0.5,0.5,2.0,1.0,2.0,0.5,2.0,1.0,2.0,1.0,1.0,1.0,1.0,1.0,1.0
192,Sunflora,Grass, ,0.8,8.5,75,75,55,425,120,2,70,149,Medium Slow,Sunkern,False,False,False,False,False,False,False,0.5,20,1.0,2.0,0.5,0.5,0.5,2.0,1.0,2.0,0.5,2.0,1.0,2.0,1.0,1.0,1.0,1.0,1.0,1.0
193,Yanma,Bug,Flying,1.2,38.0,65,65,45,390,75,2,70,78,Medium Fast, ,False,False,False,False,False,False,False,0.5,20,1.0,2.0,1.0,2.0,0.25,2.0,0.25,1.0,0.0,2.0,1.0,0.5,4.0,1.0,1.0,1.0,1.0,1.0
194,Wooper,Water,Ground,0.4,8.5,55,45,45,210,255,2,70,42,Medium Fast, ,False,False,False,False,False,False,False,0.5,20,1.0,0.5,1.0,0.0,4.0,1.0,1.0,0.5,1.0,1.0,1.0,1.0,0.5,1.0,1.0,1.0,0.5,1.0
195,Quagsire,Water,Ground,1.4,75.0,95,85,85,430,90,2,70,151,Medium Fast,Wooper,False,False,False,False,False,False,False,0.5,20,1.0,0.5,1.0,0.0,4.0,1.0,1.0,0.5,1.0,1.0,1.0,1.0,0.5,1.0,1.0,1.0,0.5,1.0
196,Espeon,Psychic, ,0.9,26.5,65,65,60,525,45,2,70,184,Medium Fast,Eevee,False,False,False,False,False,False,False,0.125,35,1.0,1.0,1.0,1.0,1.0,1.0,0.5,1.0,1.0,1.0,0.5,2.0,1.0,2.0,1.0,2.0,1.0,1.0
197,Umbreon,Dark, ,1.0,27.0,95,65,110,525,45,2,35,184,Medium Fast,Eevee,False,False,False,False,False,False,False,0.125,35,1.0,1.0,1.0,1.0,1.0,1.0,2.0,1.0,1.0,1.0,0.0,2.0,1.0,0.5,1.0,0.5,1.0,2.0
198,Murkrow,Dark,Flying,0.5,2.1,60,85,42,405,30,2,35,81,Medium Slow, ,False,False,False,False,False,False,False,0.5,20,1.0,1.0,1.0,2.0,0.5,2.0,1.0,1.0,0.0,1.0,0.0,1.0,2.0,0.5,1.0,0.5,1.0,2.0
199,Galarian Slowking,Poison,Psychic,1.8,79.5,95,65,80,490,70,8,70,172,Medium Fast,Slowpoke,False,False,True,False,False,False,False,0.5,20,1.0,1.0,1.0,1.0,0.5,1.0,0.25,0.5,2.0,1.0,1.0,1.0,1.0,2.0,1.0,2.0,1.0,0.5
200,Misdreavus,Ghost, ,0.7,1.0,60,60,60,435,45,2,35,87,Fast, ,False,False,False,False,False,False,False,0.5,25,0.0,1.0,1.0,1.0,1.0,1.0,0.0,0.5,1.0,1.0,1.0,0.5,1.0,2.0,1.0,2.0,1.0,1.0
201,Unown,Psychic, ,0.5,5.0,48,72,48,336,225,2,70,118,Medium Fast, ,False,False,False,False,False,False,True,0.0,40,1.0,1.0,1.0,1.0,1.0,1.0,0.5,1.0,1.0,1.0,0.5,2.0,1.0,2.0,1.0,2.0,1.0,1.0
202,Wobbuffet,Psychic, ,1.3,28.5,190,33,58,405,45,2,70,142,Medium Fast,Wynaut,False,False,False,False,False,False,False,0.5,20,1.0,1.0,1.0,1.0,1.0,1.0,0.5,1.0,1.0,1.0,0.5,2.0,1.0,2.0,1.0,2.0,1.0,1.0
203,Girafarig,Normal,Psychic,1.5,41.5,70,80,65,455,60,2,70,159,Medium Fast, ,False,False,False,False,False,False,False,0.5,20,1.0,1.0,1.0,1.0,1.0,1.0,1.0,1.0,1.0,1.0,0.5,2.0,1.0,0.0,1.0,2.0,1.0,1.0
204,Pineco,Bug, ,0.6,7.2,50,65,90,290,190,2,70,58,Medium Fast, ,False,False,False,False,False,False,False,0.5,20,1.0,2.0,1.0,1.0,0.5,1.0,0.5,1.0,0.5,2.0,1.0,1.0,2.0,1.0,1.0,1.0,1.0,1.0
205,Forretress,Bug,Steel,1.2,125.8,75,90,140,465,75,2,70,163,Medium Fast,Pineco,False,False,False,False,False,False,False,0.5,20,0.5,4.0,1.0,1.0,0.25,0.5,1.0,0.0,1.0,1.0,0.5,0.5,1.0,1.0,0.5,1.0,0.5,0.5
206,Dunsparce,Normal, ,1.5,14.0,100,70,70,415,190,2,70,145,Medium Fast, ,False,False,False,False,False,False,False,0.5,20,1.0,1.0,1.0,1.0,1.0,1.0,2.0,1.0,1.0,1.0,1.0,1.0,1.0,0.0,1.0,1.0,1.0,1.0
207,Gligar,Ground,Flying,1.1,64.8,65,75,105,430,60,2,70,86,Medium Slow, ,False,False,False,False,False,False,False,0.5,20,1.0,1.0,2.0,0.0,1.0,4.0,0.5,0.5,0.0,1.0,1.0,0.5,1.0,1.0,1.0,1.0,1.0,1.0
208,Mega Steelix,Steel,Ground,10.5,740.0,75,125,230,610,25,6,70,214,Medium Fast,Onix,True,False,False,True,False,False,False,0.5,25,0.5,2.0,2.0,0.0,1.0,1.0,2.0,0.0,2.0,0.5,0.5,0.5,0.25,1.0,0.5,1.0,0.5,0.5
209,Snubbull,Fairy, ,0.6,7.8,60,80,50,300,190,2,70,60,Fast, ,False,False,False,False,False,False,False,0.75,20,1.0,1.0,1.0,1.0,1.0,1.0,0.5,2.0,1.0,1.0,1.0,0.5,1.0,1.0,0.0,0.5,2.0,1.0
210,Granbull,Fairy, ,1.4,48.7,90,120,75,450,75,2,70,158,Fast,Snubbull,False,False,False,False,False,False,False,0.75,20,1.0,1.0,1.0,1.0,1.0,1.0,0.5,2.0,1.0,1.0,1.0,0.5,1.0,1.0,0.0,0.5,2.0,1.0
211,Qwilfish,Water,Poison,0.5,3.9,65,95,85,440,45,2,70,88,Medium Fast, ,False,False,False,False,False,False,False,0.5,20,1.0,0.5,0.5,2.0,1.0,0.5,0.5,0.5,2.0,1.0,2.0,0.5,1.0,1.0,1.0,1.0,0.5,0.5
212,Mega Scizor,Bug,Steel,2.0,125.0,70,150,140,600,25,6,70,210,Medium Fast,Scyther,True,False,False,True,False,False,False,0.5,25,0.5,4.0,1.0,1.0,0.25,0.5,1.0,0.0,1.0,1.0,0.5,0.5,1.0,1.0,0.5,1.0,0.5,0.5
213,Shuckle,Bug,Rock,0.6,20.5,20,10,230,505,190,2,70,177,Medium Slow, ,False,False,False,False,False,False,False,0.5,20,0.5,1.0,2.0,1.0,1.0,1.0,1.0,0.5,1.0,1.0,1.0,1.0,2.0,1.0,1.0,1.0,2.0,1.0
214,Heracross,Bug,Fighting,1.5,54.0,80,125,75,500,45,2,70,175,Slow, ,False,False,False,True,False,False,False,0.5,25,1.0,2.0,1.0,1.0,0.5,1.0,0.5,1.0,0.5,4.0,2.0,0.5,1.0,1.0,1.0,0.5,1.0,2.0
215,Sneasel,Dark,Ice,0.9,28.0,55,95,55,430,60,2,35,86,Medium Slow, ,False,False,False,False,False,False,False,0.5,20,1.0,2.0,1.0,1.0,1.0,0.5,4.0,1.0,1.0,1.0,0.0,2.0,2.0,0.5,1.0,0.5,2.0,2.0
216,Teddiursa,Normal, ,0.6,8.8,60,80,50,330,120,2,70,66,Medium Fast, ,False,False,False,False,False,False,False,0.5,20,1.0,1.0,1.0,1.0,1.0,1.0,2.0,1.0,1.0,1.0,1.0,1.0,1.0,0.0,1.0,1.0,1.0,1.0
217,Ursaring,Normal, ,1.8,125.8,90,130,75,500,60,2,70,175,Medium Fast,Teddiursa,False,False,False,False,False,False,False,0.5,20,1.0,1.0,1.0,1.0,1.0,1.0,2.0,1.0,1.0,1.0,1.0,1.0,1.0,0.0,1.0,1.0,1.0,1.0
218,Slugma,Fire, ,0.7,35.0,40,40,40,250,190,2,70,50,Medium Fast, ,False,False,False,False,False,False,False,0.5,20,1.0,0.5,2.0,1.0,0.5,0.5,1.0,1.0,2.0,1.0,1.0,0.5,2.0,1.0,1.0,1.0,0.5,0.5
219,Magcargo,Fire,Rock,0.8,55.0,60,50,120,430,75,2,70,151,Medium Fast,Slugma,False,False,False,False,False,False,False,0.5,20,0.5,0.25,4.0,1.0,1.0,0.5,2.0,0.5,4.0,0.5,1.0,0.5,2.0,1.0,1.0,1.0,1.0,0.5
220,Swinub,Ice,Ground,0.4,6.5,50,50,40,250,225,2,70,50,Slow, ,False,False,False,False,False,False,False,0.5,20,1.0,2.0,2.0,0.0,2.0,1.0,2.0,0.5,1.0,1.0,1.0,1.0,1.0,1.0,1.0,1.0,2.0,1.0
221,Piloswine,Ice,Ground,1.1,55.8,100,100,80,450,75,2,70,158,Slow,Swinub,False,False,False,False,False,False,False,0.5,20,1.0,2.0,2.0,0.0,2.0,1.0,2.0,0.5,1.0,1.0,1.0,1.0,1.0,1.0,1.0,1.0,2.0,1.0
222,Corsola,Water,Rock,0.6,5.0,65,55,95,410,60,2,70,144,Fast, ,False,False,False,False,False,False,False,0.75,20,0.5,0.25,1.0,2.0,4.0,0.5,2.0,0.5,2.0,0.5,1.0,1.0,1.0,1.0,1.0,1.0,1.0,1.0
223,Remoraid,Water, ,0.6,12.0,35,65,35,300,190,2,70,60,Medium Fast, ,False,False,False,False,False,False,False,0.5,20,1.0,0.5,0.5,2.0,2.0,0.5,1.0,1.0,1.0,1.0,1.0,1.0,1.0,1.0,1.0,1.0,0.5,1.0
224,Octillery,Water, ,0.9,28.5,75,105,75,480,75,2,70,168,Medium Fast,Remoraid,False,False,False,False,False,False,False,0.5,20,1.0,0.5,0.5,2.0,2.0,0.5,1.0,1.0,1.0,1.0,1.0,1.0,1.0,1.0,1.0,1.0,0.5,1.0
225,Delibird,Ice,Flying,0.9,16.0,45,55,45,330,45,2,70,116,Fast, ,False,False,False,False,False,False,False,0.5,20,1.0,2.0,1.0,2.0,0.5,1.0,1.0,1.0,0.0,1.0,1.0,0.5,4.0,1.0,1.0,1.0,2.0,1.0
226,Mantine,Water,Flying,2.1,220.0,85,40,70,485,25,2,70,170,Slow,Mantyke,False,False,False,False,False,False,False,0.5,25,1.0,0.5,0.5,4.0,1.0,1.0,0.5,1.0,0.0,1.0,1.0,0.5,2.0,1.0,1.0,1.0,0.5,1.0
227,Skarmory,Steel,Flying,1.7,50.5,65,80,140,465,25,2,70,163,Slow, ,False,False,False,False,False,False,False,0.5,25,0.5,2.0,1.0,2.0,0.25,1.0,1.0,0.0,0.0,0.5,0.5,0.25,1.0,1.0,0.5,1.0,0.5,0.5
228,Houndour,Dark,Fire,0.6,10.8,45,60,30,330,120,2,35,66,Slow, ,False,False,False,False,False,False,False,0.5,20,1.0,0.5,2.0,1.0,0.5,0.5,2.0,1.0,2.0,1.0,0.0,1.0,2.0,0.5,1.0,0.5,0.5,1.0
229,Houndoom,Dark,Fire,1.4,35.0,75,90,50,500,45,2,35,175,Slow,Houndour,False,False,False,True,False,False,False,0.5,20,1.0,0.5,2.0,1.0,0.5,0.5,2.0,1.0,2.0,1.0,0.0,1.0,2.0,0.5,1.0,0.5,0.5,1.0
230,Kingdra,Water,Dragon,1.8,152.0,75,95,95,540,45,2,70,243,Medium Fast,Seadra,False,False,False,False,False,False,False,0.5,20,1.0,0.25,0.25,1.0,1.0,1.0,1.0,1.0,1.0,1.0,1.0,1.0,1.0,1.0,2.0,1.0,0.5,2.0
231,Phanpy,Ground, ,0.5,33.5,90,60,60,330,120,2,70,66,Medium Fast, ,False,False,False,False,False,False,False,0.5,20,1.0,1.0,2.0,0.0,2.0,2.0,1.0,0.5,1.0,1.0,1.0,1.0,0.5,1.0,1.0,1.0,1.0,1.0
232,Donphan,Ground, ,1.1,120.0,90,120,120,500,60,2,70,175,Medium Fast,Phanpy,False,False,False,False,False,False,False,0.5,20,1.0,1.0,2.0,0.0,2.0,2.0,1.0,0.5,1.0,1.0,1.0,1.0,0.5,1.0,1.0,1.0,1.0,1.0
233,Porygon2,Normal, ,0.6,32.5,85,80,90,515,45,2,70,180,Medium Fast,Porygon,False,False,False,False,False,False,True,0.0,20,1.0,1.0,1.0,1.0,1.0,1.0,2.0,1.0,1.0,1.0,1.0,1.0,1.0,0.0,1.0,1.0,1.0,1.0
234,Stantler,Normal, ,1.4,71.2,73,95,62,465,45,2,70,163,Slow, ,False,False,False,False,False,False,False,0.5,20,1.0,1.0,1.0,1.0,1.0,1.0,2.0,1.0,1.0,1.0,1.0,1.0,1.0,0.0,1.0,1.0,1.0,1.0
235,Smeargle,Normal, ,1.2,58.0,55,20,35,250,45,2,70,88,Fast, ,False,False,False,False,False,False,False,0.5,20,1.0,1.0,1.0,1.0,1.0,1.0,2.0,1.0,1.0,1.0,1.0,1.0,1.0,0.0,1.0,1.0,1.0,1.0
236,Tyrogue,Fighting, ,0.7,21.0,35,35,35,210,75,2,70,42,Medium Fast, ,False,False,False,False,False,False,False,0.0,25,1.0,1.0,1.0,1.0,1.0,1.0,1.0,1.0,1.0,2.0,2.0,0.5,0.5,1.0,1.0,0.5,1.0,2.0
237,Hitmontop,Fighting, ,1.4,48.0,50,95,95,455,45,2,70,159,Medium Fast,Tyrogue,False,False,False,False,False,False,False,0.0,25,1.0,1.0,1.0,1.0,1.0,1.0,1.0,1.0,1.0,2.0,2.0,0.5,0.5,1.0,1.0,0.5,1.0,2.0
238,Smoochum,Ice,Psychic,0.4,6.0,45,30,15,305,45,2,70,61,Medium Fast, ,False,False,False,False,False,False,False,1.0,25,1.0,2.0,1.0,1.0,1.0,0.5,1.0,1.0,1.0,1.0,0.5,2.0,2.0,2.0,1.0,2.0,2.0,1.0
239,Elekid,Electric, ,0.6,23.5,45,63,37,360,45,2,70,72,Medium Fast, ,False,False,False,False,False,False,False,0.25,25,1.0,1.0,1.0,0.5,1.0,1.0,1.0,1.0,2.0,0.5,1.0,1.0,1.0,1.0,1.0,1.0,0.5,1.0
240,Magby,Fire, ,0.7,21.4,45,75,37,365,45,2,70,73,Medium Fast, ,False,False,False,False,False,False,False,0.25,25,1.0,0.5,2.0,1.0,0.5,0.5,1.0,1.0,2.0,1.0,1.0,0.5,2.0,1.0,1.0,1.0,0.5,0.5
241,Miltank,Normal, ,1.2,75.5,95,80,105,490,45,2,70,172,Slow, ,False,False,False,False,False,False,False,1.0,20,1.0,1.0,1.0,1.0,1.0,1.0,2.0,1.0,1.0,1.0,1.0,1.0,1.0,0.0,1.0,1.0,1.0,1.0
242,Blissey,Normal, ,1.5,46.8,255,10,10,540,30,2,140,608,Fast,Chansey,False,False,False,False,False,False,False,1.0,40,1.0,1.0,1.0,1.0,1.0,1.0,2.0,1.0,1.0,1.0,1.0,1.0,1.0,0.0,1.0,1.0,1.0,1.0
243,Raikou,Electric, ,1.9,178.0,90,85,75,580,3,2,35,261,Slow, ,False,False,False,False,True,False,True,0.0,80,1.0,1.0,1.0,0.5,1.0,1.0,1.0,1.0,2.0,0.5,1.0,1.0,1.0,1.0,1.0,1.0,0.5,1.0
244,Entei,Fire, ,2.1,198.0,115,115,85,580,3,2,35,261,Slow, ,False,False,False,False,True,False,True,0.0,80,1.0,0.5,2.0,1.0,0.5,0.5,1.0,1.0,2.0,1.0,1.0,0.5,2.0,1.0,1.0,1.0,0.5,0.5
245,Suicune,Water, ,2.0,187.0,100,75,115,580,3,2,35,261,Slow, ,False,False,False,False,True,False,True,0.0,80,1.0,0.5,0.5,2.0,2.0,0.5,1.0,1.0,1.0,1.0,1.0,1.0,1.0,1.0,1.0,1.0,0.5,1.0
246,Larvitar,Rock,Ground,0.6,72.0,50,64,50,300,45,2,35,60,Slow, ,False,False,False,False,False,False,False,0.5,40,0.5,0.5,4.0,0.0,4.0,2.0,2.0,0.25,2.0,0.5,1.0,1.0,0.5,1.0,1.0,1.0,2.0,1.0
247,Pupitar,Rock,Ground,1.2,152.0,70,84,70,410,45,2,35,144,Slow,Larvitar,False,False,False,False,False,False,False,0.5,40,0.5,0.5,4.0,0.0,4.0,2.0,2.0,0.25,2.0,0.5,1.0,1.0,0.5,1.0,1.0,1.0,2.0,1.0
248,Mega Tyranitar,Rock,Dark,2.5,255.0,100,164,150,700,45,6,35,315,Slow,Pupitar,True,False,False,True,False,False,False,0.5,40,0.5,0.5,2.0,1.0,2.0,1.0,4.0,0.5,2.0,0.5,0.0,2.0,1.0,0.5,1.0,0.5,2.0,2.0
249,Lugia,Psychic,Flying,5.2,216.0,106,90,130,680,3,2,0,306,Slow, ,False,False,False,False,True,False,True,0.0,120,1.0,1.0,1.0,2.0,0.5,2.0,0.25,1.0,0.0,1.0,0.5,1.0,2.0,2.0,1.0,2.0,1.0,1.0
250,Ho-Oh,Fire,Flying,3.8,199.0,106,130,90,680,3,2,0,306,Slow, ,False,False,False,False,True,False,True,0.0,120,1.0,0.5,2.0,2.0,0.25,1.0,0.5,1.0,0.0,1.0,1.0,0.25,4.0,1.0,1.0,1.0,0.5,0.5
251,Celebi,Psychic,Grass,0.6,5.0,100,100,100,600,45,2,100,270,Medium Slow, ,False,False,False,False,False,True,True,0.0,120,1.0,2.0,0.5,0.5,0.5,2.0,0.5,2.0,0.5,2.0,0.5,4.0,1.0,2.0,1.0,2.0,1.0,1.0
252,Treecko,Grass, ,0.5,5.0,40,45,35,310,45,3,70,62,Medium Slow, ,False,False,False,False,False,False,False,0.125,20,1.0,2.0,0.5,0.5,0.5,2.0,1.0,2.0,0.5,2.0,1.0,2.0,1.0,1.0,1.0,1.0,1.0,1.0
253,Grovyle,Grass, ,0.9,21.6,50,65,45,405,45,3,70,142,Medium Slow,Treecko,False,False,False,False,False,False,False,0.125,20,1.0,2.0,0.5,0.5,0.5,2.0,1.0,2.0,0.5,2.0,1.0,2.0,1.0,1.0,1.0,1.0,1.0,1.0
254,Mega Sceptile,Grass,Dragon,1.9,55.2,70,110,75,630,45,6,70,284,Medium Slow,Grovyle,True,False,False,True,False,False,False,0.125,20,1.0,1.0,0.25,0.25,0.25,4.0,1.0,2.0,0.5,2.0,1.0,2.0,1.0,1.0,2.0,1.0,1.0,2.0
255,Torchic,Fire, ,0.4,2.5,45,60,40,310,45,3,70,62,Medium Slow, ,False,False,False,False,False,False,False,0.125,20,1.0,0.5,2.0,1.0,0.5,0.5,1.0,1.0,2.0,1.0,1.0,0.5,2.0,1.0,1.0,1.0,0.5,0.5
256,Combusken,Fire,Fighting,0.9,19.5,60,85,60,405,45,3,70,142,Medium Slow,Torchic,False,False,False,False,False,False,False,0.125,20,1.0,0.5,2.0,1.0,0.5,0.5,1.0,1.0,2.0,2.0,2.0,0.25,1.0,1.0,1.0,0.5,0.5,1.0
257,Blaziken,Fire,Fighting,1.9,52.0,80,120,70,530,45,3,70,239,Medium Slow,Combusken,False,False,False,True,False,False,False,0.125,20,1.0,0.5,2.0,1.0,0.5,0.5,1.0,1.0,2.0,2.0,2.0,0.25,1.0,1.0,1.0,0.5,0.5,1.0
258,Mudkip,Water, ,0.4,7.6,50,70,50,310,45,3,70,62,Medium Slow, ,False,False,False,False,False,False,False,0.125,20,1.0,0.5,0.5,2.0,2.0,0.5,1.0,1.0,1.0,1.0,1.0,1.0,1.0,1.0,1.0,1.0,0.5,1.0
259,Marshtomp,Water,Ground,0.7,28.0,70,85,70,405,45,3,70,142,Medium Slow,Mudkip,False,False,False,False,False,False,False,0.125,20,1.0,0.5,1.0,0.0,4.0,1.0,1.0,0.5,1.0,1.0,1.0,1.0,0.5,1.0,1.0,1.0,0.5,1.0
260,Mega Swampert,Water,Ground,1.9,102.0,100,150,110,635,45,6,70,286,Medium Slow,Marshtomp,True,False,False,True,False,False,False,0.125,20,1.0,0.5,1.0,0.0,4.0,1.0,1.0,0.5,1.0,1.0,1.0,1.0,0.5,1.0,1.0,1.0,0.5,1.0
261,Poochyena,Dark, ,0.5,13.6,35,55,35,220,255,3,70,56,Medium Fast, ,False,False,False,False,False,False,False,0.5,15,1.0,1.0,1.0,1.0,1.0,1.0,2.0,1.0,1.0,1.0,0.0,2.0,1.0,0.5,1.0,0.5,1.0,2.0
262,Mightyena,Dark, ,1.0,37.0,70,90,70,420,127,3,70,147,Medium Fast,Poochyena,False,False,False,False,False,False,False,0.5,15,1.0,1.0,1.0,1.0,1.0,1.0,2.0,1.0,1.0,1.0,0.0,2.0,1.0,0.5,1.0,0.5,1.0,2.0
263,Galarian Zigzagoon,Dark,Normal,0.4,17.5,38,30,41,240,255,8,70,56,Medium Fast, ,False,False,True,False,False,False,False,0.5,15,1.0,1.0,1.0,1.0,1.0,1.0,4.0,1.0,1.0,1.0,0.0,2.0,1.0,0.0,1.0,0.5,1.0,2.0
264,Galarian Linoone,Dark,Normal,0.5,32.5,78,70,61,420,90,8,70,147,Medium Fast,Zigzagoon,False,False,True,False,False,False,False,0.5,15,1.0,1.0,1.0,1.0,1.0,1.0,4.0,1.0,1.0,1.0,0.0,2.0,1.0,0.0,1.0,0.5,1.0,2.0
265,Wurmple,Bug, ,0.3,3.6,45,45,35,195,255,3,70,56,Medium Fast, ,False,False,False,False,False,False,False,0.5,15,1.0,2.0,1.0,1.0,0.5,1.0,0.5,1.0,0.5,2.0,1.0,1.0,2.0,1.0,1.0,1.0,1.0,1.0
266,Silcoon,Bug, ,0.6,10.0,50,35,55,205,120,3,70,72,Medium Fast,Wurmple,False,False,False,False,False,False,False,0.5,15,1.0,2.0,1.0,1.0,0.5,1.0,0.5,1.0,0.5,2.0,1.0,1.0,2.0,1.0,1.0,1.0,1.0,1.0
267,Beautifly,Bug,Flying,1.0,28.4,60,70,50,395,45,3,70,178,Medium Fast,Silcoon,False,False,False,False,False,False,False,0.5,15,1.0,2.0,1.0,2.0,0.25,2.0,0.25,1.0,0.0,2.0,1.0,0.5,4.0,1.0,1.0,1.0,1.0,1.0
268,Cascoon,Bug, ,0.7,11.5,50,35,55,205,120,3,70,72,Medium Fast,Wurmple,False,False,False,False,False,False,False,0.5,15,1.0,2.0,1.0,1.0,0.5,1.0,0.5,1.0,0.5,2.0,1.0,1.0,2.0,1.0,1.0,1.0,1.0,1.0
269,Dustox,Bug,Poison,1.2,31.6,60,50,70,385,45,3,70,173,Medium Fast,Cascoon,False,False,False,False,False,False,False,0.5,15,1.0,2.0,1.0,1.0,0.25,1.0,0.25,0.5,1.0,2.0,2.0,0.5,2.0,1.0,1.0,1.0,1.0,0.5
270,Lotad,Water,Grass,0.5,2.6,40,30,30,220,255,3,70,44,Medium Slow, ,False,False,False,False,False,False,False,0.5,15,1.0,1.0,0.25,1.0,1.0,1.0,1.0,2.0,0.5,2.0,1.0,2.0,1.0,1.0,1.0,1.0,0.5,1.0
271,Lombre,Water,Grass,1.2,32.5,60,50,50,340,120,3,70,119,Medium Slow,Lotad,False,False,False,False,False,False,False,0.5,15,1.0,1.0,0.25,1.0,1.0,1.0,1.0,2.0,0.5,2.0,1.0,2.0,1.0,1.0,1.0,1.0,0.5,1.0
272,Ludicolo,Water,Grass,1.5,55.0,80,70,70,480,45,3,70,216,Medium Slow,Lombre,False,False,False,False,False,False,False,0.5,15,1.0,1.0,0.25,1.0,1.0,1.0,1.0,2.0,0.5,2.0,1.0,2.0,1.0,1.0,1.0,1.0,0.5,1.0
273,Seedot,Grass, ,0.5,4.0,40,40,50,220,255,3,70,44,Medium Slow, ,False,False,False,False,False,False,False,0.5,15,1.0,2.0,0.5,0.5,0.5,2.0,1.0,2.0,0.5,2.0,1.0,2.0,1.0,1.0,1.0,1.0,1.0,1.0
274,Nuzleaf,Grass,Dark,1.0,28.0,70,70,40,340,120,3,70,119,Medium Slow,Seedot,False,False,False,False,False,False,False,0.5,15,1.0,2.0,0.5,0.5,0.5,2.0,2.0,2.0,0.5,2.0,0.0,4.0,1.0,0.5,1.0,0.5,1.0,2.0
275,Shiftry,Grass,Dark,1.3,59.6,90,100,60,480,45,3,70,216,Medium Slow,Nuzleaf,False,False,False,False,False,False,False,0.5,15,1.0,2.0,0.5,0.5,0.5,2.0,2.0,2.0,0.5,2.0,0.0,4.0,1.0,0.5,1.0,0.5,1.0,2.0
276,Taillow,Normal,Flying,0.3,2.3,40,55,30,270,200,3,70,54,Medium Slow, ,False,False,False,False,False,False,False,0.5,15,1.0,1.0,1.0,2.0,0.5,2.0,1.0,1.0,0.0,1.0,1.0,0.5,2.0,0.0,1.0,1.0,1.0,1.0
277,Swellow,Normal,Flying,0.7,19.8,60,85,60,455,45,3,70,159,Medium Slow,Taillow,False,False,False,False,False,False,False,0.5,15,1.0,1.0,1.0,2.0,0.5,2.0,1.0,1.0,0.0,1.0,1.0,0.5,2.0,0.0,1.0,1.0,1.0,1.0
278,Wingull,Water,Flying,0.6,9.5,40,30,30,270,190,3,70,54,Medium Fast, ,False,False,False,False,False,False,False,0.5,20,1.0,0.5,0.5,4.0,1.0,1.0,0.5,1.0,0.0,1.0,1.0,0.5,2.0,1.0,1.0,1.0,0.5,1.0
279,Pelipper,Water,Flying,1.2,28.0,60,50,100,440,45,3,70,154,Medium Fast,Wingull,False,False,False,False,False,False,False,0.5,20,1.0,0.5,0.5,4.0,1.0,1.0,0.5,1.0,0.0,1.0,1.0,0.5,2.0,1.0,1.0,1.0,0.5,1.0
280,Ralts,Psychic,Fairy,0.4,6.6,28,25,25,198,235,3,35,40,Slow, ,False,False,False,False,False,False,False,0.5,20,1.0,1.0,1.0,1.0,1.0,1.0,0.25,2.0,1.0,1.0,0.5,1.0,1.0,2.0,0.0,1.0,2.0,1.0
281,Kirlia,Psychic,Fairy,0.8,20.2,38,35,35,278,120,3,35,97,Slow,Ralts,False,False,False,False,False,False,False,0.5,20,1.0,1.0,1.0,1.0,1.0,1.0,0.25,2.0,1.0,1.0,0.5,1.0,1.0,2.0,0.0,1.0,2.0,1.0
282,Gardevoir,Psychic,Fairy,1.6,48.4,68,65,65,518,45,3,35,233,Slow,Kirlia,False,False,False,True,False,False,False,0.5,20,1.0,1.0,1.0,1.0,1.0,1.0,0.25,2.0,1.0,1.0,0.5,1.0,1.0,2.0,0.0,1.0,2.0,1.0
283,Surskit,Bug,Water,0.5,1.7,40,30,32,269,200,3,70,54,Medium Fast, ,False,False,False,False,False,False,False,0.5,15,1.0,1.0,0.5,2.0,1.0,0.5,0.5,1.0,0.5,2.0,1.0,1.0,2.0,1.0,1.0,1.0,0.5,1.0
284,Masquerain,Bug,Flying,0.8,3.6,70,60,62,454,75,3,70,159,Medium Fast,Surskit,False,False,False,False,False,False,False,0.5,15,1.0,2.0,1.0,2.0,0.25,2.0,0.25,1.0,0.0,2.0,1.0,0.5,4.0,1.0,1.0,1.0,1.0,1.0
285,Shroomish,Grass, ,0.4,4.5,60,40,60,295,255,3,70,59,Fluctuating, ,False,False,False,False,False,False,False,0.5,15,1.0,2.0,0.5,0.5,0.5,2.0,1.0,2.0,0.5,2.0,1.0,2.0,1.0,1.0,1.0,1.0,1.0,1.0
286,Breloom,Grass,Fighting,1.2,39.2,60,130,80,460,90,3,70,161,Fluctuating,Shroomish,False,False,False,False,False,False,False,0.5,15,1.0,2.0,0.5,0.5,0.5,2.0,1.0,2.0,0.5,4.0,2.0,1.0,0.5,1.0,1.0,0.5,1.0,2.0
287,Slakoth,Normal, ,0.8,24.0,60,60,60,280,255,3,70,56,Slow, ,False,False,False,False,False,False,False,0.5,15,1.0,1.0,1.0,1.0,1.0,1.0,2.0,1.0,1.0,1.0,1.0,1.0,1.0,0.0,1.0,1.0,1.0,1.0
288,Vigoroth,Normal, ,1.4,46.5,80,80,80,440,120,3,70,154,Slow,Slakoth,False,False,False,False,False,False,False,0.5,15,1.0,1.0,1.0,1.0,1.0,1.0,2.0,1.0,1.0,1.0,1.0,1.0,1.0,0.0,1.0,1.0,1.0,1.0
289,Slaking,Normal, ,2.0,130.5,150,160,100,670,45,3,70,252,Slow,Vigoroth,False,False,False,False,False,False,False,0.5,15,1.0,1.0,1.0,1.0,1.0,1.0,2.0,1.0,1.0,1.0,1.0,1.0,1.0,0.0,1.0,1.0,1.0,1.0
290,Nincada,Bug,Ground,0.5,5.5,31,45,90,266,255,3,70,53,Erratic, ,False,False,False,False,False,False,False,0.5,15,1.0,2.0,2.0,0.0,1.0,2.0,0.5,0.5,0.5,2.0,1.0,1.0,1.0,1.0,1.0,1.0,1.0,1.0
291,Ninjask,Bug,Flying,0.8,12.0,61,90,45,456,120,3,70,160,Erratic,Nincada,False,False,False,False,False,False,False,0.5,15,1.0,2.0,1.0,2.0,0.25,2.0,0.25,1.0,0.0,2.0,1.0,0.5,4.0,1.0,1.0,1.0,1.0,1.0
292,Shedinja,Bug,Ghost,0.8,1.2,1,90,45,236,45,3,70,83,Erratic,Nincada,False,False,False,False,False,False,True,0.0,15,0.0,2.0,1.0,1.0,0.5,1.0,0.0,0.5,0.5,2.0,1.0,0.5,2.0,2.0,1.0,2.0,1.0,1.0
293,Whismur,Normal, ,0.6,16.3,64,51,23,240,190,3,70,48,Medium Slow, ,False,False,False,False,False,False,False,0.5,20,1.0,1.0,1.0,1.0,1.0,1.0,2.0,1.0,1.0,1.0,1.0,1.0,1.0,0.0,1.0,1.0,1.0,1.0
294,Loudred,Normal, ,1.0,40.5,84,71,43,360,120,3,70,126,Medium Slow,Whismur,False,False,False,False,False,False,False,0.5,20,1.0,1.0,1.0,1.0,1.0,1.0,2.0,1.0,1.0,1.0,1.0,1.0,1.0,0.0,1.0,1.0,1.0,1.0
295,Exploud,Normal, ,1.5,84.0,104,91,63,490,45,3,70,221,Medium Slow,Loudred,False,False,False,False,False,False,False,0.5,20,1.0,1.0,1.0,1.0,1.0,1.0,2.0,1.0,1.0,1.0,1.0,1.0,1.0,0.0,1.0,1.0,1.0,1.0
296,Makuhita,Fighting, ,1.0,86.4,72,60,30,237,180,3,70,47,Fluctuating, ,False,False,False,False,False,False,False,0.25,20,1.0,1.0,1.0,1.0,1.0,1.0,1.0,1.0,1.0,2.0,2.0,0.5,0.5,1.0,1.0,0.5,1.0,2.0
297,Hariyama,Fighting, ,2.3,253.8,144,120,60,474,200,3,70,166,Fluctuating,Makuhita,False,False,False,False,False,False,False,0.25,20,1.0,1.0,1.0,1.0,1.0,1.0,1.0,1.0,1.0,2.0,2.0,0.5,0.5,1.0,1.0,0.5,1.0,2.0
298,Azurill,Normal,Fairy,0.2,2.0,50,20,40,190,150,3,70,38,Fast, ,False,False,False,False,False,False,False,0.75,10,1.0,1.0,1.0,1.0,1.0,1.0,1.0,2.0,1.0,1.0,1.0,0.5,1.0,0.0,0.0,0.5,2.0,1.0
299,Nosepass,Rock, ,1.0,97.0,30,45,135,375,255,3,70,75,Medium Fast, ,False,False,False,False,False,False,False,0.5,20,0.5,0.5,2.0,1.0,2.0,1.0,2.0,0.5,2.0,0.5,1.0,1.0,1.0,1.0,1.0,1.0,2.0,1.0
300,Skitty,Normal, ,0.6,11.0,50,45,45,260,255,3,70,52,Fast, ,False,False,False,False,False,False,False,0.75,15,1.0,1.0,1.0,1.0,1.0,1.0,2.0,1.0,1.0,1.0,1.0,1.0,1.0,0.0,1.0,1.0,1.0,1.0
301,Delcatty,Normal, ,1.1,32.6,70,65,65,400,60,3,70,140,Fast,Skitty,False,False,False,False,False,False,False,0.75,15,1.0,1.0,1.0,1.0,1.0,1.0,2.0,1.0,1.0,1.0,1.0,1.0,1.0,0.0,1.0,1.0,1.0,1.0
302,Mega Sableye,Dark,Ghost,0.5,161.0,50,85,125,480,45,6,35,168,Medium Slow, ,True,False,False,True,False,False,False,0.5,25,0.0,1.0,1.0,1.0,1.0,1.0,0.0,0.5,1.0,1.0,0.0,1.0,1.0,1.0,1.0,1.0,1.0,2.0
303,Mawile,Steel,Fairy,0.6,11.5,50,85,85,380,45,3,70,133,Fast, ,False,False,False,True,False,False,False,0.5,20,0.5,2.0,1.0,1.0,0.5,0.5,1.0,0.0,2.0,0.5,0.5,0.25,0.5,1.0,0.0,0.5,1.0,0.5
304,Aron,Steel,Rock,0.4,60.0,50,70,100,330,180,3,35,66,Slow, ,False,False,False,False,False,False,False,0.5,35,0.25,1.0,2.0,1.0,1.0,0.5,4.0,0.0,4.0,0.25,0.5,0.5,0.5,1.0,0.5,1.0,1.0,0.5
305,Lairon,Steel,Rock,0.9,120.0,60,90,140,430,90,3,35,151,Slow,Aron,False,False,False,False,False,False,False,0.5,35,0.25,1.0,2.0,1.0,1.0,0.5,4.0,0.0,4.0,0.25,0.5,0.5,0.5,1.0,0.5,1.0,1.0,0.5
306,Aggron,Steel,Rock,2.1,360.0,70,110,180,530,45,3,35,239,Slow,Lairon,False,False,False,True,False,False,False,0.5,35,0.25,1.0,2.0,1.0,1.0,0.5,4.0,0.0,4.0,0.25,0.5,0.5,0.5,1.0,0.5,1.0,1.0,0.5
307,Meditite,Fighting,Psychic,0.6,11.2,30,40,55,280,180,3,70,56,Medium Fast, ,False,False,False,False,False,False,False,0.5,20,1.0,1.0,1.0,1.0,1.0,1.0,0.5,1.0,1.0,2.0,1.0,1.0,0.5,2.0,1.0,1.0,1.0,2.0
308,Medicham,Fighting,Psychic,1.3,31.5,60,60,75,410,90,3,70,144,Medium Fast,Meditite,False,False,False,True,False,False,False,0.5,20,1.0,1.0,1.0,1.0,1.0,1.0,0.5,1.0,1.0,2.0,1.0,1.0,0.5,2.0,1.0,1.0,1.0,2.0
309,Electrike,Electric, ,0.6,15.2,40,45,40,295,120,3,70,59,Slow, ,False,False,False,False,False,False,False,0.5,20,1.0,1.0,1.0,0.5,1.0,1.0,1.0,1.0,2.0,0.5,1.0,1.0,1.0,1.0,1.0,1.0,0.5,1.0
310,Manectric,Electric, ,1.5,40.2,70,75,60,475,45,3,70,166,Slow,Electrike,False,False,False,True,False,False,False,0.5,20,1.0,1.0,1.0,0.5,1.0,1.0,1.0,1.0,2.0,0.5,1.0,1.0,1.0,1.0,1.0,1.0,0.5,1.0
311,Plusle,Electric, ,0.4,4.2,60,50,40,405,200,3,70,142,Medium Fast, ,False,False,False,False,False,False,False,0.5,20,1.0,1.0,1.0,0.5,1.0,1.0,1.0,1.0,2.0,0.5,1.0,1.0,1.0,1.0,1.0,1.0,0.5,1.0
312,Minun,Electric, ,0.4,4.2,60,40,50,405,200,3,70,142,Medium Fast, ,False,False,False,False,False,False,False,0.5,20,1.0,1.0,1.0,0.5,1.0,1.0,1.0,1.0,2.0,0.5,1.0,1.0,1.0,1.0,1.0,1.0,0.5,1.0
313,Volbeat,Bug, ,0.7,17.7,65,73,75,430,150,3,70,151,Erratic, ,False,False,False,False,False,False,False,0.0,15,1.0,2.0,1.0,1.0,0.5,1.0,0.5,1.0,0.5,2.0,1.0,1.0,2.0,1.0,1.0,1.0,1.0,1.0
314,Illumise,Bug, ,0.6,17.7,65,47,75,430,150,3,70,151,Fluctuating, ,False,False,False,False,False,False,False,1.0,15,1.0,2.0,1.0,1.0,0.5,1.0,0.5,1.0,0.5,2.0,1.0,1.0,2.0,1.0,1.0,1.0,1.0,1.0
315,Roselia,Grass,Poison,0.3,2.0,50,60,45,400,150,3,70,140,Medium Slow,Budew,False,False,False,False,False,False,False,0.5,20,1.0,2.0,0.5,0.5,0.25,2.0,0.5,1.0,1.0,2.0,2.0,1.0,1.0,1.0,1.0,1.0,1.0,0.5
316,Gulpin,Poison, ,0.4,10.3,70,43,53,302,225,3,70,60,Fluctuating, ,False,False,False,False,False,False,False,0.5,20,1.0,1.0,1.0,1.0,0.5,1.0,0.5,0.5,2.0,1.0,2.0,0.5,1.0,1.0,1.0,1.0,1.0,0.5
317,Swalot,Poison, ,1.7,80.0,100,73,83,467,75,3,70,163,Fluctuating,Gulpin,False,False,False,False,False,False,False,0.5,20,1.0,1.0,1.0,1.0,0.5,1.0,0.5,0.5,2.0,1.0,2.0,0.5,1.0,1.0,1.0,1.0,1.0,0.5
318,Carvanha,Water,Dark,0.8,20.8,45,90,20,305,225,3,35,61,Slow, ,False,False,False,False,False,False,False,0.5,20,1.0,0.5,0.5,2.0,2.0,0.5,2.0,1.0,1.0,1.0,0.0,2.0,1.0,0.5,1.0,0.5,0.5,2.0
319,Mega Sharpedo,Water,Dark,2.5,130.3,70,140,70,560,60,6,35,196,Slow,Carvanha,True,False,False,True,False,False,False,0.5,20,1.0,0.5,0.5,2.0,2.0,0.5,2.0,1.0,1.0,1.0,0.0,2.0,1.0,0.5,1.0,0.5,0.5,2.0
320,Wailmer,Water, ,2.0,130.0,130,70,35,400,125,3,70,80,Fluctuating, ,False,False,False,False,False,False,False,0.5,40,1.0,0.5,0.5,2.0,2.0,0.5,1.0,1.0,1.0,1.0,1.0,1.0,1.0,1.0,1.0,1.0,0.5,1.0
321,Wailord,Water, ,14.5,398.0,170,90,45,500,60,3,70,175,Fluctuating,Wailmer,False,False,False,False,False,False,False,0.5,40,1.0,0.5,0.5,2.0,2.0,0.5,1.0,1.0,1.0,1.0,1.0,1.0,1.0,1.0,1.0,1.0,0.5,1.0
322,Numel,Fire,Ground,0.7,24.0,60,60,40,305,255,3,70,61,Medium Fast, ,False,False,False,False,False,False,False,0.5,20,1.0,0.5,4.0,0.0,1.0,1.0,1.0,0.5,2.0,1.0,1.0,0.5,1.0,1.0,1.0,1.0,0.5,0.5
323,Camerupt,Fire,Ground,1.9,220.0,70,100,70,460,150,3,70,161,Medium Fast,Numel,False,False,False,True,False,False,False,0.5,20,1.0,0.5,4.0,0.0,1.0,1.0,1.0,0.5,2.0,1.0,1.0,0.5,1.0,1.0,1.0,1.0,0.5,0.5
324,Torkoal,Fire, ,0.5,80.4,70,85,140,470,90,3,70,165,Medium Fast, ,False,False,False,False,False,False,False,0.5,20,1.0,0.5,2.0,1.0,0.5,0.5,1.0,1.0,2.0,1.0,1.0,0.5,2.0,1.0,1.0,1.0,0.5,0.5
325,Spoink,Psychic, ,0.7,30.6,60,25,35,330,255,3,70,66,Fast, ,False,False,False,False,False,False,False,0.5,20,1.0,1.0,1.0,1.0,1.0,1.0,0.5,1.0,1.0,1.0,0.5,2.0,1.0,2.0,1.0,2.0,1.0,1.0
326,Grumpig,Psychic, ,0.9,71.5,80,45,65,470,60,3,70,165,Fast,Spoink,False,False,False,False,False,False,False,0.5,20,1.0,1.0,1.0,1.0,1.0,1.0,0.5,1.0,1.0,1.0,0.5,2.0,1.0,2.0,1.0,2.0,1.0,1.0
327,Spinda,Normal, ,1.1,5.0,60,60,60,360,255,3,70,126,Fast, ,False,False,False,False,False,False,False,0.5,15,1.0,1.0,1.0,1.0,1.0,1.0,2.0,1.0,1.0,1.0,1.0,1.0,1.0,0.0,1.0,1.0,1.0,1.0
328,Trapinch,Ground, ,0.7,15.0,45,100,45,290,255,3,70,58,Medium Slow, ,False,False,False,False,False,False,False,0.5,20,1.0,1.0,2.0,0.0,2.0,2.0,1.0,0.5,1.0,1.0,1.0,1.0,0.5,1.0,1.0,1.0,1.0,1.0
329,Vibrava,Ground,Dragon,1.1,15.3,50,70,50,340,120,3,70,119,Medium Slow,Trapinch,False,False,False,False,False,False,False,0.5,20,1.0,0.5,1.0,0.0,1.0,4.0,1.0,0.5,1.0,1.0,1.0,1.0,0.5,1.0,2.0,1.0,1.0,2.0
330,Flygon,Ground,Dragon,2.0,82.0,80,100,80,520,45,3,70,234,Medium Slow,Vibrava,False,False,False,False,False,False,False,0.5,20,1.0,0.5,1.0,0.0,1.0,4.0,1.0,0.5,1.0,1.0,1.0,1.0,0.5,1.0,2.0,1.0,1.0,2.0
331,Cacnea,Grass, ,0.4,51.3,50,85,40,335,190,3,35,67,Medium Slow, ,False,False,False,False,False,False,False,0.5,20,1.0,2.0,0.5,0.5,0.5,2.0,1.0,2.0,0.5,2.0,1.0,2.0,1.0,1.0,1.0,1.0,1.0,1.0
332,Cacturne,Grass,Dark,1.3,77.4,70,115,60,475,60,3,35,166,Medium Slow,Cacnea,False,False,False,False,False,False,False,0.5,20,1.0,2.0,0.5,0.5,0.5,2.0,2.0,2.0,0.5,2.0,0.0,4.0,1.0,0.5,1.0,0.5,1.0,2.0
333,Swablu,Normal,Flying,0.4,1.2,45,40,60,310,255,3,70,62,Erratic, ,False,False,False,False,False,False,False,0.5,20,1.0,1.0,1.0,2.0,0.5,2.0,1.0,1.0,0.0,1.0,1.0,0.5,2.0,0.0,1.0,1.0,1.0,1.0
334,Altaria,Dragon,Flying,1.1,20.6,75,70,90,490,45,3,70,172,Erratic,Swablu,False,False,False,True,False,False,False,0.5,20,1.0,0.5,0.5,1.0,0.25,4.0,0.5,1.0,0.0,1.0,1.0,0.5,2.0,1.0,2.0,1.0,1.0,2.0
335,Zangoose,Normal, ,1.3,40.3,73,115,60,458,90,3,70,160,Erratic, ,False,False,False,False,False,False,False,0.5,20,1.0,1.0,1.0,1.0,1.0,1.0,2.0,1.0,1.0,1.0,1.0,1.0,1.0,0.0,1.0,1.0,1.0,1.0
336,Seviper,Poison, ,2.7,52.5,73,100,60,458,90,3,70,160,Fluctuating, ,False,False,False,False,False,False,False,0.5,20,1.0,1.0,1.0,1.0,0.5,1.0,0.5,0.5,2.0,1.0,2.0,0.5,1.0,1.0,1.0,1.0,1.0,0.5
337,Lunatone,Rock,Psychic,1.0,168.0,90,55,65,460,45,3,70,161,Fast, ,False,False,False,False,False,False,True,0.0,25,0.5,0.5,2.0,1.0,2.0,1.0,1.0,0.5,2.0,0.5,0.5,2.0,1.0,2.0,1.0,2.0,2.0,1.0
338,Solrock,Rock,Psychic,1.2,154.0,90,95,85,460,45,3,70,161,Fast, ,False,False,False,False,False,False,True,0.0,25,0.5,0.5,2.0,1.0,2.0,1.0,1.0,0.5,2.0,0.5,0.5,2.0,1.0,2.0,1.0,2.0,2.0,1.0
339,Barboach,Water,Ground,0.4,1.9,50,48,43,288,190,3,70,58,Medium Fast, ,False,False,False,False,False,False,False,0.5,20,1.0,0.5,1.0,0.0,4.0,1.0,1.0,0.5,1.0,1.0,1.0,1.0,0.5,1.0,1.0,1.0,0.5,1.0
340,Whiscash,Water,Ground,0.9,23.6,110,78,73,468,75,3,70,164,Medium Fast,Barboach,False,False,False,False,False,False,False,0.5,20,1.0,0.5,1.0,0.0,4.0,1.0,1.0,0.5,1.0,1.0,1.0,1.0,0.5,1.0,1.0,1.0,0.5,1.0
341,Corphish,Water, ,0.6,11.5,43,80,65,308,205,3,70,62,Fluctuating, ,False,False,False,False,False,False,False,0.5,15,1.0,0.5,0.5,2.0,2.0,0.5,1.0,1.0,1.0,1.0,1.0,1.0,1.0,1.0,1.0,1.0,0.5,1.0
342,Crawdaunt,Water,Dark,1.1,32.8,63,120,85,468,155,3,70,164,Fluctuating,Corphish,False,False,False,False,False,False,False,0.5,15,1.0,0.5,0.5,2.0,2.0,0.5,2.0,1.0,1.0,1.0,0.0,2.0,1.0,0.5,1.0,0.5,0.5,2.0
343,Baltoy,Ground,Psychic,0.5,21.5,40,40,55,300,255,3,70,60,Medium Fast, ,False,False,False,False,False,False,True,0.0,20,1.0,1.0,2.0,0.0,2.0,2.0,0.5,0.5,1.0,1.0,0.5,2.0,0.5,2.0,1.0,2.0,1.0,1.0
344,Claydol,Ground,Psychic,1.5,108.0,60,70,105,500,90,3,70,175,Medium Fast,Baltoy,False,False,False,False,False,False,True,0.0,20,1.0,1.0,2.0,0.0,2.0,2.0,0.5,0.5,1.0,1.0,0.5,2.0,0.5,2.0,1.0,2.0,1.0,1.0
345,Lileep,Rock,Grass,1.0,23.8,66,41,77,355,45,3,70,71,Erratic, ,False,False,False,False,False,False,False,0.125,30,0.5,1.0,1.0,0.5,1.0,2.0,2.0,1.0,1.0,1.0,1.0,2.0,1.0,1.0,1.0,1.0,2.0,1.0
346,Cradily,Rock,Grass,1.5,60.4,86,81,97,495,45,3,70,173,Erratic,Lileep,False,False,False,False,False,False,False,0.125,30,0.5,1.0,1.0,0.5,1.0,2.0,2.0,1.0,1.0,1.0,1.0,2.0,1.0,1.0,1.0,1.0,2.0,1.0
347,Anorith,Rock,Bug,0.7,12.5,45,95,50,355,45,3,70,71,Erratic, ,False,False,False,False,False,False,False,0.125,30,0.5,1.0,2.0,1.0,1.0,1.0,1.0,0.5,1.0,1.0,1.0,1.0,2.0,1.0,1.0,1.0,2.0,1.0
348,Armaldo,Rock,Bug,1.5,68.2,75,125,100,495,45,3,70,173,Erratic,Anorith,False,False,False,False,False,False,False,0.125,30,0.5,1.0,2.0,1.0,1.0,1.0,1.0,0.5,1.0,1.0,1.0,1.0,2.0,1.0,1.0,1.0,2.0,1.0
349,Feebas,Water, ,0.6,7.4,20,15,20,200,255,3,70,40,Erratic, ,False,False,False,False,False,False,False,0.5,20,1.0,0.5,0.5,2.0,2.0,0.5,1.0,1.0,1.0,1.0,1.0,1.0,1.0,1.0,1.0,1.0,0.5,1.0
350,Milotic,Water, ,6.2,162.0,95,60,79,540,60,3,70,189,Erratic,Feebas,False,False,False,False,False,False,False,0.5,20,1.0,0.5,0.5,2.0,2.0,0.5,1.0,1.0,1.0,1.0,1.0,1.0,1.0,1.0,1.0,1.0,0.5,1.0
351,Castform,Normal, ,0.3,0.8,70,70,70,420,45,3,70,147,Medium Fast, ,False,False,False,True,False,False,False,0.5,25,1.0,1.0,1.0,1.0,1.0,1.0,2.0,1.0,1.0,1.0,1.0,1.0,1.0,0.0,1.0,1.0,1.0,1.0
352,Kecleon,Normal, ,1.0,22.0,60,90,70,440,200,3,70,154,Medium Slow, ,False,False,False,False,False,False,False,0.5,20,1.0,1.0,1.0,1.0,1.0,1.0,2.0,1.0,1.0,1.0,1.0,1.0,1.0,0.0,1.0,1.0,1.0,1.0
353,Shuppet,Ghost, ,0.6,2.3,44,75,35,295,225,3,35,59,Fast, ,False,False,False,False,False,False,False,0.5,25,0.0,1.0,1.0,1.0,1.0,1.0,0.0,0.5,1.0,1.0,1.0,0.5,1.0,2.0,1.0,2.0,1.0,1.0
354,Banette,Ghost, ,1.1,12.5,64,115,65,455,45,3,35,159,Fast,Shuppet,False,False,False,True,False,False,False,0.5,25,0.0,1.0,1.0,1.0,1.0,1.0,0.0,0.5,1.0,1.0,1.0,0.5,1.0,2.0,1.0,2.0,1.0,1.0
355,Duskull,Ghost, ,0.8,15.0,20,40,90,295,190,3,35,59,Fast, ,False,False,False,False,False,False,False,0.5,25,0.0,1.0,1.0,1.0,1.0,1.0,0.0,0.5,1.0,1.0,1.0,0.5,1.0,2.0,1.0,2.0,1.0,1.0
356,Dusclops,Ghost, ,1.6,30.6,40,70,130,455,90,3,35,159,Fast,Duskull,False,False,False,False,False,False,False,0.5,25,0.0,1.0,1.0,1.0,1.0,1.0,0.0,0.5,1.0,1.0,1.0,0.5,1.0,2.0,1.0,2.0,1.0,1.0
357,Tropius,Grass,Flying,2.0,100.0,99,68,83,460,200,3,70,161,Slow, ,False,False,False,False,False,False,False,0.5,25,1.0,2.0,0.5,1.0,0.25,4.0,0.5,2.0,0.0,2.0,1.0,1.0,2.0,1.0,1.0,1.0,1.0,1.0
358,Chimecho,Psychic, ,0.6,1.0,75,50,80,455,45,3,70,159,Fast,Chingling,False,False,False,False,False,False,False,0.5,25,1.0,1.0,1.0,1.0,1.0,1.0,0.5,1.0,1.0,1.0,0.5,2.0,1.0,2.0,1.0,2.0,1.0,1.0
359,Absol,Dark, ,1.2,47.0,65,130,60,465,30,3,35,163,Medium Slow, ,False,False,False,True,False,False,False,0.5,25,1.0,1.0,1.0,1.0,1.0,1.0,2.0,1.0,1.0,1.0,0.0,2.0,1.0,0.5,1.0,0.5,1.0,2.0
360,Wynaut,Psychic, ,0.6,14.0,95,23,48,260,125,3,70,52,Medium Fast, ,False,False,False,False,False,False,False,0.5,20,1.0,1.0,1.0,1.0,1.0,1.0,0.5,1.0,1.0,1.0,0.5,2.0,1.0,2.0,1.0,2.0,1.0,1.0
361,Snorunt,Ice, ,0.7,16.8,50,50,50,300,190,3,70,60,Medium Fast, ,False,False,False,False,False,False,False,0.5,20,1.0,2.0,1.0,1.0,1.0,0.5,2.0,1.0,1.0,1.0,1.0,1.0,2.0,1.0,1.0,1.0,2.0,1.0
362,Glalie,Ice, ,1.5,256.5,80,80,80,480,75,3,70,168,Medium Fast,Snorunt,False,False,False,True,False,False,False,0.5,20,1.0,2.0,1.0,1.0,1.0,0.5,2.0,1.0,1.0,1.0,1.0,1.0,2.0,1.0,1.0,1.0,2.0,1.0
363,Spheal,Ice,Water,0.8,39.5,70,40,50,290,255,3,70,58,Medium Slow, ,False,False,False,False,False,False,False,0.5,20,1.0,1.0,0.5,2.0,2.0,0.25,2.0,1.0,1.0,1.0,1.0,1.0,2.0,1.0,1.0,1.0,1.0,1.0
364,Sealeo,Ice,Water,1.1,87.6,90,60,70,410,120,3,70,144,Medium Slow,Spheal,False,False,False,False,False,False,False,0.5,20,1.0,1.0,0.5,2.0,2.0,0.25,2.0,1.0,1.0,1.0,1.0,1.0,2.0,1.0,1.0,1.0,1.0,1.0
365,Walrein,Ice,Water,1.4,150.6,110,80,90,530,45,3,70,239,Medium Slow,Sealeo,False,False,False,False,False,False,False,0.5,20,1.0,1.0,0.5,2.0,2.0,0.25,2.0,1.0,1.0,1.0,1.0,1.0,2.0,1.0,1.0,1.0,1.0,1.0
366,Clamperl,Water, ,0.4,52.5,35,64,85,345,255,3,70,69,Erratic, ,False,False,False,False,False,False,False,0.5,20,1.0,0.5,0.5,2.0,2.0,0.5,1.0,1.0,1.0,1.0,1.0,1.0,1.0,1.0,1.0,1.0,0.5,1.0
367,Huntail,Water, ,1.7,27.0,55,104,105,485,60,3,70,170,Erratic,Clamperl,False,False,False,False,False,False,False,0.5,20,1.0,0.5,0.5,2.0,2.0,0.5,1.0,1.0,1.0,1.0,1.0,1.0,1.0,1.0,1.0,1.0,0.5,1.0
368,Gorebyss,Water, ,1.8,22.6,55,84,105,485,60,3,70,170,Erratic,Clamperl,False,False,False,False,False,False,False,0.5,20,1.0,0.5,0.5,2.0,2.0,0.5,1.0,1.0,1.0,1.0,1.0,1.0,1.0,1.0,1.0,1.0,0.5,1.0
369,Relicanth,Water,Rock,1.0,23.4,100,90,130,485,25,3,70,170,Slow, ,False,False,False,False,False,False,False,0.125,40,0.5,0.25,1.0,2.0,4.0,0.5,2.0,0.5,2.0,0.5,1.0,1.0,1.0,1.0,1.0,1.0,1.0,1.0
370,Luvdisc,Water, ,0.6,8.7,43,30,55,330,225,3,70,116,Fast, ,False,False,False,False,False,False,False,0.75,20,1.0,0.5,0.5,2.0,2.0,0.5,1.0,1.0,1.0,1.0,1.0,1.0,1.0,1.0,1.0,1.0,0.5,1.0
371,Bagon,Dragon, ,0.6,42.1,45,75,60,300,45,3,35,60,Slow, ,False,False,False,False,False,False,False,0.5,40,1.0,0.5,0.5,0.5,0.5,2.0,1.0,1.0,1.0,1.0,1.0,1.0,1.0,1.0,2.0,1.0,1.0,2.0
372,Shelgon,Dragon, ,1.1,110.5,65,95,100,420,45,3,35,147,Slow,Bagon,False,False,False,False,False,False,False,0.5,40,1.0,0.5,0.5,0.5,0.5,2.0,1.0,1.0,1.0,1.0,1.0,1.0,1.0,1.0,2.0,1.0,1.0,2.0
373,Mega Salamence,Dragon,Flying,1.8,112.6,95,145,130,700,45,6,35,315,Slow,Shelgon,True,False,False,True,False,False,False,0.5,40,1.0,0.5,0.5,1.0,0.25,4.0,0.5,1.0,0.0,1.0,1.0,0.5,2.0,1.0,2.0,1.0,1.0,2.0
374,Beldum,Steel,Psychic,0.6,95.2,40,55,80,300,3,3,35,60,Slow, ,False,False,False,False,False,False,True,0.0,40,0.5,2.0,1.0,1.0,0.5,0.5,1.0,0.0,2.0,0.5,0.25,1.0,0.5,2.0,0.5,2.0,0.5,0.5
375,Metang,Steel,Psychic,1.2,202.5,60,75,100,420,3,3,35,147,Slow,Beldum,False,False,False,False,False,False,True,0.0,40,0.5,2.0,1.0,1.0,0.5,0.5,1.0,0.0,2.0,0.5,0.25,1.0,0.5,2.0,0.5,2.0,0.5,0.5
376,Mega Metagross,Steel,Psychic,2.5,942.9,80,145,150,700,3,6,35,315,Slow,Metang,True,False,False,True,False,False,True,0.0,40,0.5,2.0,1.0,1.0,0.5,0.5,1.0,0.0,2.0,0.5,0.25,1.0,0.5,2.0,0.5,2.0,0.5,0.5
377,Regirock,Rock, ,1.7,230.0,80,100,200,580,3,3,35,261,Slow, ,False,False,False,False,True,False,True,0.0,80,0.5,0.5,2.0,1.0,2.0,1.0,2.0,0.5,2.0,0.5,1.0,1.0,1.0,1.0,1.0,1.0,2.0,1.0
378,Regice,Ice, ,1.8,175.0,80,50,100,580,3,3,35,261,Slow, ,False,False,False,False,True,False,True,0.0,80,1.0,2.0,1.0,1.0,1.0,0.5,2.0,1.0,1.0,1.0,1.0,1.0,2.0,1.0,1.0,1.0,2.0,1.0
379,Registeel,Steel, ,1.9,205.0,80,75,150,580,3,3,35,261,Slow, ,False,False,False,False,True,False,True,0.0,80,0.5,2.0,1.0,1.0,0.5,0.5,2.0,0.0,2.0,0.5,0.5,0.5,0.5,1.0,0.5,1.0,0.5,0.5
380,Latias,Dragon,Psychic,1.4,40.0,80,80,90,600,3,3,90,270,Slow, ,False,False,False,True,True,False,False,1.0,120,1.0,0.5,0.5,0.5,0.5,2.0,0.5,1.0,1.0,1.0,0.5,2.0,1.0,2.0,2.0,2.0,1.0,2.0
381,Latios,Dragon,Psychic,2.0,60.0,80,90,80,600,3,3,90,270,Slow, ,False,False,False,True,True,False,False,0.0,120,1.0,0.5,0.5,0.5,0.5,2.0,0.5,1.0,1.0,1.0,0.5,2.0,1.0,2.0,2.0,2.0,1.0,2.0
382,Kyogre,Water, ,4.5,352.0,100,100,90,670,3,3,0,302,Slow, ,False,False,False,True,True,False,True,0.0,120,1.0,0.5,0.5,2.0,2.0,0.5,1.0,1.0,1.0,1.0,1.0,1.0,1.0,1.0,1.0,1.0,0.5,1.0
383,Groudon,Ground, ,3.5,950.0,100,150,140,670,3,3,0,302,Slow, ,False,False,False,True,True,False,True,0.0,120,1.0,1.0,2.0,0.0,2.0,2.0,1.0,0.5,1.0,1.0,1.0,1.0,0.5,1.0,1.0,1.0,1.0,1.0
384,Mega Rayquaza,Dragon,Flying,10.8,392.0,105,180,100,780,45,6,0,351,Slow, ,True,False,False,True,True,False,True,0.0,120,1.0,0.5,0.5,1.0,0.25,4.0,0.5,1.0,0.0,1.0,1.0,0.5,2.0,1.0,2.0,1.0,1.0,2.0
385,Jirachi,Steel,Psychic,0.3,1.1,100,100,100,600,3,3,100,270,Slow, ,False,False,False,False,False,True,True,0.0,120,0.5,2.0,1.0,1.0,0.5,0.5,1.0,0.0,2.0,0.5,0.25,1.0,0.5,2.0,0.5,2.0,0.5,0.5
386,Deoxys Attack Form,Psychic, ,1.7,60.8,50,180,20,600,3,3,0,270,Slow, ,False,False,False,True,False,True,True,0.0,120,1.0,1.0,1.0,1.0,1.0,1.0,0.5,1.0,1.0,1.0,0.5,2.0,1.0,2.0,1.0,2.0,1.0,1.0
387,Turtwig,Grass, ,0.4,10.2,55,68,64,318,45,4,70,64,Medium Slow, ,False,False,False,False,False,False,False,0.125,20,1.0,2.0,0.5,0.5,0.5,2.0,1.0,2.0,0.5,2.0,1.0,2.0,1.0,1.0,1.0,1.0,1.0,1.0
388,Grotle,Grass, ,1.1,97.0,75,89,85,405,45,4,70,142,Medium Slow,Turtwig,False,False,False,False,False,False,False,0.125,20,1.0,2.0,0.5,0.5,0.5,2.0,1.0,2.0,0.5,2.0,1.0,2.0,1.0,1.0,1.0,1.0,1.0,1.0
389,Torterra,Grass,Ground,2.2,310.0,95,109,105,525,45,4,70,236,Medium Slow,Grotle,False,False,False,False,False,False,False,0.125,20,1.0,2.0,1.0,0.0,1.0,4.0,1.0,1.0,0.5,2.0,1.0,2.0,0.5,1.0,1.0,1.0,1.0,1.0
390,Chimchar,Fire, ,0.5,6.2,44,58,44,309,45,4,70,62,Medium Slow, ,False,False,False,False,False,False,False,0.125,20,1.0,0.5,2.0,1.0,0.5,0.5,1.0,1.0,2.0,1.0,1.0,0.5,2.0,1.0,1.0,1.0,0.5,0.5
391,Monferno,Fire,Fighting,0.9,22.0,64,78,52,405,45,4,70,142,Medium Slow,Chimchar,False,False,False,False,False,False,False,0.125,20,1.0,0.5,2.0,1.0,0.5,0.5,1.0,1.0,2.0,2.0,2.0,0.25,1.0,1.0,1.0,0.5,0.5,1.0
392,Infernape,Fire,Fighting,1.2,55.0,76,104,71,534,45,4,70,240,Medium Slow,Monferno,False,False,False,False,False,False,False,0.125,20,1.0,0.5,2.0,1.0,0.5,0.5,1.0,1.0,2.0,2.0,2.0,0.25,1.0,1.0,1.0,0.5,0.5,1.0
393,Piplup,Water, ,0.4,5.2,53,51,53,314,45,4,70,63,Medium Slow, ,False,False,False,False,False,False,False,0.125,20,1.0,0.5,0.5,2.0,2.0,0.5,1.0,1.0,1.0,1.0,1.0,1.0,1.0,1.0,1.0,1.0,0.5,1.0
394,Prinplup,Water, ,0.8,23.0,64,66,68,405,45,4,70,142,Medium Slow,Piplup,False,False,False,False,False,False,False,0.125,20,1.0,0.5,0.5,2.0,2.0,0.5,1.0,1.0,1.0,1.0,1.0,1.0,1.0,1.0,1.0,1.0,0.5,1.0
395,Empoleon,Water,Steel,1.7,84.5,84,86,88,530,45,4,70,239,Medium Slow,Prinplup,False,False,False,False,False,False,False,0.125,20,0.5,1.0,0.5,2.0,1.0,0.25,2.0,0.0,2.0,0.5,0.5,0.5,0.5,1.0,0.5,1.0,0.25,0.5
396,Starly,Normal,Flying,0.3,2.0,40,55,30,245,255,4,70,49,Medium Slow, ,False,False,False,False,False,False,False,0.5,15,1.0,1.0,1.0,2.0,0.5,2.0,1.0,1.0,0.0,1.0,1.0,0.5,2.0,0.0,1.0,1.0,1.0,1.0
397,Staravia,Normal,Flying,0.6,15.5,55,75,50,340,120,4,70,119,Medium Slow,Starly,False,False,False,False,False,False,False,0.5,15,1.0,1.0,1.0,2.0,0.5,2.0,1.0,1.0,0.0,1.0,1.0,0.5,2.0,0.0,1.0,1.0,1.0,1.0
398,Staraptor,Normal,Flying,1.2,24.9,85,120,70,485,45,4,70,218,Medium Slow,Staravia,False,False,False,False,False,False,False,0.5,15,1.0,1.0,1.0,2.0,0.5,2.0,1.0,1.0,0.0,1.0,1.0,0.5,2.0,0.0,1.0,1.0,1.0,1.0
399,Bidoof,Normal, ,0.5,20.0,59,45,40,250,255,4,70,50,Medium Fast, ,False,False,False,False,False,False,False,0.5,15,1.0,1.0,1.0,1.0,1.0,1.0,2.0,1.0,1.0,1.0,1.0,1.0,1.0,0.0,1.0,1.0,1.0,1.0
400,Bibarel,Normal,Water,1.0,31.5,79,85,60,410,127,4,70,144,Medium Fast,Bidoof,False,False,False,False,False,False,False,0.5,15,1.0,0.5,0.5,2.0,2.0,0.5,2.0,1.0,1.0,1.0,1.0,1.0,1.0,0.0,1.0,1.0,0.5,1.0
401,Kricketot,Bug, ,0.3,2.2,37,25,41,194,255,4,70,39,Medium Slow, ,False,False,False,False,False,False,False,0.5,15,1.0,2.0,1.0,1.0,0.5,1.0,0.5,1.0,0.5,2.0,1.0,1.0,2.0,1.0,1.0,1.0,1.0,1.0
402,Kricketune,Bug, ,1.0,25.5,77,85,51,384,45,4,70,134,Medium Slow,Kricketot,False,False,False,False,False,False,False,0.5,15,1.0,2.0,1.0,1.0,0.5,1.0,0.5,1.0,0.5,2.0,1.0,1.0,2.0,1.0,1.0,1.0,1.0,1.0
403,Shinx,Electric, ,0.5,9.5,45,65,34,263,235,4,70,53,Medium Slow, ,False,False,False,False,False,False,False,0.5,20,1.0,1.0,1.0,0.5,1.0,1.0,1.0,1.0,2.0,0.5,1.0,1.0,1.0,1.0,1.0,1.0,0.5,1.0
404,Luxio,Electric, ,0.9,30.5,60,85,49,363,120,4,100,127,Medium Slow,Shinx,False,False,False,False,False,False,False,0.5,20,1.0,1.0,1.0,0.5,1.0,1.0,1.0,1.0,2.0,0.5,1.0,1.0,1.0,1.0,1.0,1.0,0.5,1.0
405,Luxray,Electric, ,1.4,42.0,80,120,79,523,45,4,70,235,Medium Slow,Luxio,False,False,False,False,False,False,False,0.5,20,1.0,1.0,1.0,0.5,1.0,1.0,1.0,1.0,2.0,0.5,1.0,1.0,1.0,1.0,1.0,1.0,0.5,1.0
406,Budew,Grass,Poison,0.2,1.2,40,30,35,280,255,4,70,56,Medium Slow, ,False,False,False,False,False,False,False,0.5,20,1.0,2.0,0.5,0.5,0.25,2.0,0.5,1.0,1.0,2.0,2.0,1.0,1.0,1.0,1.0,1.0,1.0,0.5
407,Roserade,Grass,Poison,0.9,14.5,60,70,65,515,75,4,70,232,Medium Slow,Roselia,False,False,False,False,False,False,False,0.5,20,1.0,2.0,0.5,0.5,0.25,2.0,0.5,1.0,1.0,2.0,2.0,1.0,1.0,1.0,1.0,1.0,1.0,0.5
408,Cranidos,Rock, ,0.9,31.5,67,125,40,350,45,4,70,70,Erratic, ,False,False,False,False,False,False,False,0.125,30,0.5,0.5,2.0,1.0,2.0,1.0,2.0,0.5,2.0,0.5,1.0,1.0,1.0,1.0,1.0,1.0,2.0,1.0
409,Rampardos,Rock, ,1.6,102.5,97,165,60,495,45,4,70,173,Erratic,Cranidos,False,False,False,False,False,False,False,0.125,30,0.5,0.5,2.0,1.0,2.0,1.0,2.0,0.5,2.0,0.5,1.0,1.0,1.0,1.0,1.0,1.0,2.0,1.0
410,Shieldon,Rock,Steel,0.5,57.0,30,42,118,350,45,4,70,70,Erratic, ,False,False,False,False,False,False,False,0.125,30,0.25,1.0,2.0,1.0,1.0,0.5,4.0,0.0,4.0,0.25,0.5,0.5,0.5,1.0,0.5,1.0,1.0,0.5
411,Bastiodon,Rock,Steel,1.3,149.5,60,52,168,495,45,4,70,173,Erratic,Shieldon,False,False,False,False,False,False,False,0.125,30,0.25,1.0,2.0,1.0,1.0,0.5,4.0,0.0,4.0,0.25,0.5,0.5,0.5,1.0,0.5,1.0,1.0,0.5
412,Burmy,Bug, ,0.2,3.4,40,29,45,224,120,4,70,45,Medium Fast, ,False,False,False,True,False,False,False,0.5,15,1.0,2.0,1.0,1.0,0.5,1.0,0.5,1.0,0.5,2.0,1.0,1.0,2.0,1.0,1.0,1.0,1.0,1.0
413,Wormadam Plant Cloak,Bug,Grass,0.5,6.5,60,59,85,424,45,4,70,148,Medium Fast,Burmy,False,False,False,False,False,False,False,1.0,15,1.0,4.0,0.5,0.5,0.25,2.0,0.5,2.0,0.25,4.0,1.0,2.0,2.0,1.0,1.0,1.0,1.0,1.0
414,Mothim,Bug,Flying,0.9,23.3,70,94,50,424,45,4,70,148,Medium Fast,Burmy,False,False,False,False,False,False,False,0.0,15,1.0,2.0,1.0,2.0,0.25,2.0,0.25,1.0,0.0,2.0,1.0,0.5,4.0,1.0,1.0,1.0,1.0,1.0
415,Combee,Bug,Flying,0.3,5.5,30,30,42,244,120,4,70,49,Medium Slow, ,False,False,False,False,False,False,False,0.125,15,1.0,2.0,1.0,2.0,0.25,2.0,0.25,1.0,0.0,2.0,1.0,0.5,4.0,1.0,1.0,1.0,1.0,1.0
416,Vespiquen,Bug,Flying,1.2,38.5,70,80,102,474,45,4,70,166,Medium Slow,Combee,False,False,False,False,False,False,False,1.0,15,1.0,2.0,1.0,2.0,0.25,2.0,0.25,1.0,0.0,2.0,1.0,0.5,4.0,1.0,1.0,1.0,1.0,1.0
417,Pachirisu,Electric, ,0.4,3.9,60,45,70,405,200,4,100,142,Medium Fast, ,False,False,False,False,False,False,False,0.5,10,1.0,1.0,1.0,0.5,1.0,1.0,1.0,1.0,2.0,0.5,1.0,1.0,1.0,1.0,1.0,1.0,0.5,1.0
418,Buizel,Water, ,0.7,29.5,55,65,35,330,190,4,70,66,Medium Fast, ,False,False,False,False,False,False,False,0.5,20,1.0,0.5,0.5,2.0,2.0,0.5,1.0,1.0,1.0,1.0,1.0,1.0,1.0,1.0,1.0,1.0,0.5,1.0
419,Floatzel,Water, ,1.1,33.5,85,105,55,495,75,4,70,173,Medium Fast,Buizel,False,False,False,False,False,False,False,0.5,20,1.0,0.5,0.5,2.0,2.0,0.5,1.0,1.0,1.0,1.0,1.0,1.0,1.0,1.0,1.0,1.0,0.5,1.0
420,Cherubi,Grass, ,0.4,3.3,45,35,45,275,190,4,70,55,Medium Fast, ,False,False,False,False,False,False,False,0.5,20,1.0,2.0,0.5,0.5,0.5,2.0,1.0,2.0,0.5,2.0,1.0,2.0,1.0,1.0,1.0,1.0,1.0,1.0
421,Cherrim,Grass, ,0.5,9.3,70,60,70,450,75,4,70,158,Medium Fast,Cherubi,False,False,False,True,False,False,False,0.5,20,1.0,2.0,0.5,0.5,0.5,2.0,1.0,2.0,0.5,2.0,1.0,2.0,1.0,1.0,1.0,1.0,1.0,1.0
422,Shellos,Water, ,0.3,6.3,76,48,48,325,190,4,70,65,Medium Fast, ,False,False,False,False,False,False,False,0.5,20,1.0,0.5,0.5,2.0,2.0,0.5,1.0,1.0,1.0,1.0,1.0,1.0,1.0,1.0,1.0,1.0,0.5,1.0
423,Gastrodon,Water,Ground,0.9,29.9,111,83,68,475,75,4,70,166,Medium Fast,Shellos,False,False,False,False,False,False,False,0.5,20,1.0,0.5,1.0,0.0,4.0,1.0,1.0,0.5,1.0,1.0,1.0,1.0,0.5,1.0,1.0,1.0,0.5,1.0
424,Ambipom,Normal, ,1.2,20.3,75,100,66,482,45,4,100,169,Fast,Aipom,False,False,False,False,False,False,False,0.5,20,1.0,1.0,1.0,1.0,1.0,1.0,2.0,1.0,1.0,1.0,1.0,1.0,1.0,0.0,1.0,1.0,1.0,1.0
425,Drifloon,Ghost,Flying,0.4,1.2,90,50,34,348,125,4,70,70,Fluctuating, ,False,False,False,False,False,False,False,0.5,30,0.0,1.0,1.0,2.0,0.5,2.0,0.0,0.5,0.0,1.0,1.0,0.25,2.0,2.0,1.0,2.0,1.0,1.0
426,Drifblim,Ghost,Flying,1.2,15.0,150,80,44,498,60,4,70,174,Fluctuating,Drifloon,False,False,False,False,False,False,False,0.5,30,0.0,1.0,1.0,2.0,0.5,2.0,0.0,0.5,0.0,1.0,1.0,0.25,2.0,2.0,1.0,2.0,1.0,1.0
427,Buneary,Normal, ,0.4,5.5,55,66,44,350,190,4,0,70,Medium Fast, ,False,False,False,False,False,False,False,0.5,20,1.0,1.0,1.0,1.0,1.0,1.0,2.0,1.0,1.0,1.0,1.0,1.0,1.0,0.0,1.0,1.0,1.0,1.0
428,Lopunny,Normal, ,1.2,33.3,65,76,84,480,60,4,140,168,Medium Fast,Buneary,False,False,False,True,False,False,False,0.5,20,1.0,1.0,1.0,1.0,1.0,1.0,2.0,1.0,1.0,1.0,1.0,1.0,1.0,0.0,1.0,1.0,1.0,1.0
429,Mismagius,Ghost, ,0.9,4.4,60,60,60,495,45,4,35,173,Fast,Misdreavus,False,False,False,False,False,False,False,0.5,25,0.0,1.0,1.0,1.0,1.0,1.0,0.0,0.5,1.0,1.0,1.0,0.5,1.0,2.0,1.0,2.0,1.0,1.0
430,Honchkrow,Dark,Flying,0.9,27.3,100,125,52,505,30,4,35,177,Medium Slow,Murkrow,False,False,False,False,False,False,False,0.5,20,1.0,1.0,1.0,2.0,0.5,2.0,1.0,1.0,0.0,1.0,0.0,1.0,2.0,0.5,1.0,0.5,1.0,2.0
431,Glameow,Normal, ,0.5,3.9,49,55,42,310,190,4,70,62,Fast, ,False,False,False,False,False,False,False,0.75,20,1.0,1.0,1.0,1.0,1.0,1.0,2.0,1.0,1.0,1.0,1.0,1.0,1.0,0.0,1.0,1.0,1.0,1.0
432,Purugly,Normal, ,1.0,43.8,71,82,64,452,75,4,70,158,Fast,Glameow,False,False,False,False,False,False,False,0.75,20,1.0,1.0,1.0,1.0,1.0,1.0,2.0,1.0,1.0,1.0,1.0,1.0,1.0,0.0,1.0,1.0,1.0,1.0
433,Chingling,Psychic, ,0.2,0.6,45,30,50,285,120,4,70,57,Fast, ,False,False,False,False,False,False,False,0.5,25,1.0,1.0,1.0,1.0,1.0,1.0,0.5,1.0,1.0,1.0,0.5,2.0,1.0,2.0,1.0,2.0,1.0,1.0
434,Stunky,Poison,Dark,0.4,19.2,63,63,47,329,225,4,70,66,Medium Fast, ,False,False,False,False,False,False,False,0.5,20,1.0,1.0,1.0,1.0,0.5,1.0,1.0,0.5,2.0,1.0,0.0,1.0,1.0,0.5,1.0,0.5,1.0,1.0
435,Skuntank,Poison,Dark,1.0,38.0,103,93,67,479,60,4,70,168,Medium Fast,Stunky,False,False,False,False,False,False,False,0.5,20,1.0,1.0,1.0,1.0,0.5,1.0,1.0,0.5,2.0,1.0,0.0,1.0,1.0,0.5,1.0,0.5,1.0,1.0
436,Bronzor,Steel,Psychic,0.5,60.5,57,24,86,300,255,4,70,60,Medium Fast, ,False,False,False,False,False,False,True,0.0,20,0.5,2.0,1.0,1.0,0.5,0.5,1.0,0.0,2.0,0.5,0.25,1.0,0.5,2.0,0.5,2.0,0.5,0.5
437,Bronzong,Steel,Psychic,1.3,187.0,67,89,116,500,90,4,70,175,Medium Fast,Bronzor,False,False,False,False,False,False,True,0.0,20,0.5,2.0,1.0,1.0,0.5,0.5,1.0,0.0,2.0,0.5,0.25,1.0,0.5,2.0,0.5,2.0,0.5,0.5
438,Bonsly,Rock, ,0.5,15.0,50,80,95,290,255,4,70,58,Medium Fast, ,False,False,False,False,False,False,False,0.5,20,0.5,0.5,2.0,1.0,2.0,1.0,2.0,0.5,2.0,0.5,1.0,1.0,1.0,1.0,1.0,1.0,2.0,1.0
439,Mime Jr.,Psychic,Fairy,0.6,13.0,20,25,45,310,145,4,70,62,Medium Fast, ,False,False,False,False,False,False,False,0.5,25,1.0,1.0,1.0,1.0,1.0,1.0,0.25,2.0,1.0,1.0,0.5,1.0,1.0,2.0,0.0,1.0,2.0,1.0
440,Happiny,Normal, ,0.6,24.4,100,5,5,220,130,4,140,110,Fast, ,False,False,False,False,False,False,False,1.0,40,1.0,1.0,1.0,1.0,1.0,1.0,2.0,1.0,1.0,1.0,1.0,1.0,1.0,0.0,1.0,1.0,1.0,1.0
441,Chatot,Normal,Flying,0.5,1.9,76,65,45,411,30,4,35,144,Medium Slow, ,False,False,False,False,False,False,False,0.5,20,1.0,1.0,1.0,2.0,0.5,2.0,1.0,1.0,0.0,1.0,1.0,0.5,2.0,0.0,1.0,1.0,1.0,1.0
442,Spiritomb,Ghost,Dark,1.0,108.0,50,92,108,485,100,4,70,170,Medium Fast, ,False,False,False,False,False,False,False,0.5,30,0.0,1.0,1.0,1.0,1.0,1.0,0.0,0.5,1.0,1.0,0.0,1.0,1.0,1.0,1.0,1.0,1.0,2.0
443,Gible,Dragon,Ground,0.7,20.5,58,70,45,300,45,4,70,60,Slow, ,False,False,False,False,False,False,False,0.5,40,1.0,0.5,1.0,0.0,1.0,4.0,1.0,0.5,1.0,1.0,1.0,1.0,0.5,1.0,2.0,1.0,1.0,2.0
444,Gabite,Dragon,Ground,1.4,56.0,68,90,65,410,45,4,70,144,Slow,Gible,False,False,False,False,False,False,False,0.5,40,1.0,0.5,1.0,0.0,1.0,4.0,1.0,0.5,1.0,1.0,1.0,1.0,0.5,1.0,2.0,1.0,1.0,2.0
445,Garchomp,Dragon,Ground,1.9,95.0,108,130,95,600,45,4,70,270,Slow,Gabite,False,False,False,True,False,False,False,0.5,40,1.0,0.5,1.0,0.0,1.0,4.0,1.0,0.5,1.0,1.0,1.0,1.0,0.5,1.0,2.0,1.0,1.0,2.0
446,Munchlax,Normal, ,0.6,105.0,135,85,40,390,50,4,70,78,Slow, ,False,False,False,False,False,False,False,0.125,40,1.0,1.0,1.0,1.0,1.0,1.0,2.0,1.0,1.0,1.0,1.0,1.0,1.0,0.0,1.0,1.0,1.0,1.0
447,Riolu,Fighting, ,0.7,20.2,40,70,40,285,75,4,70,57,Medium Slow, ,False,False,False,False,False,False,False,0.125,25,1.0,1.0,1.0,1.0,1.0,1.0,1.0,1.0,1.0,2.0,2.0,0.5,0.5,1.0,1.0,0.5,1.0,2.0
448,Lucario,Fighting,Steel,1.2,54.0,70,110,70,525,45,4,70,184,Medium Slow,Riolu,False,False,False,True,False,False,False,0.125,25,0.5,2.0,1.0,1.0,0.5,0.5,2.0,0.0,2.0,1.0,1.0,0.25,0.25,1.0,0.5,0.5,0.5,1.0
449,Hippopotas,Ground, ,0.8,49.5,68,72,78,330,140,4,70,66,Slow, ,False,False,False,False,False,False,False,0.5,30,1.0,1.0,2.0,0.0,2.0,2.0,1.0,0.5,1.0,1.0,1.0,1.0,0.5,1.0,1.0,1.0,1.0,1.0
450,Hippowdon,Ground, ,2.0,300.0,108,112,118,525,60,4,70,184,Slow,Hippopotas,False,False,False,False,False,False,False,0.5,30,1.0,1.0,2.0,0.0,2.0,2.0,1.0,0.5,1.0,1.0,1.0,1.0,0.5,1.0,1.0,1.0,1.0,1.0
451,Skorupi,Poison,Bug,0.8,12.0,40,50,90,330,120,4,70,66,Slow, ,False,False,False,False,False,False,False,0.5,20,1.0,2.0,1.0,1.0,0.25,1.0,0.25,0.5,1.0,2.0,2.0,0.5,2.0,1.0,1.0,1.0,1.0,0.5
452,Drapion,Poison,Dark,1.3,61.5,70,90,110,500,45,4,70,175,Slow,Skorupi,False,False,False,False,False,False,False,0.5,20,1.0,1.0,1.0,1.0,0.5,1.0,1.0,0.5,2.0,1.0,0.0,1.0,1.0,0.5,1.0,0.5,1.0,1.0
453,Croagunk,Poison,Fighting,0.7,23.0,48,61,40,300,140,4,100,60,Medium Fast, ,False,False,False,False,False,False,False,0.5,10,1.0,1.0,1.0,1.0,0.5,1.0,0.5,0.5,2.0,2.0,4.0,0.25,0.5,1.0,1.0,0.5,1.0,1.0
454,Toxicroak,Poison,Fighting,1.3,44.4,83,106,65,490,75,4,70,172,Medium Fast,Croagunk,False,False,False,False,False,False,False,0.5,20,1.0,1.0,1.0,1.0,0.5,1.0,0.5,0.5,2.0,2.0,4.0,0.25,0.5,1.0,1.0,0.5,1.0,1.0
455,Carnivine,Grass, ,1.4,27.0,74,100,72,454,200,4,70,159,Slow, ,False,False,False,False,False,False,False,0.5,25,1.0,2.0,0.5,0.5,0.5,2.0,1.0,2.0,0.5,2.0,1.0,2.0,1.0,1.0,1.0,1.0,1.0,1.0
456,Finneon,Water, ,0.4,7.0,49,49,56,330,190,4,70,66,Erratic, ,False,False,False,False,False,False,False,0.5,20,1.0,0.5,0.5,2.0,2.0,0.5,1.0,1.0,1.0,1.0,1.0,1.0,1.0,1.0,1.0,1.0,0.5,1.0
457,Lumineon,Water, ,1.2,24.0,69,69,76,460,75,4,70,161,Erratic,Finneon,False,False,False,False,False,False,False,0.5,20,1.0,0.5,0.5,2.0,2.0,0.5,1.0,1.0,1.0,1.0,1.0,1.0,1.0,1.0,1.0,1.0,0.5,1.0
458,Mantyke,Water,Flying,1.0,65.0,45,20,50,345,25,4,70,69,Slow, ,False,False,False,False,False,False,False,0.5,25,1.0,0.5,0.5,4.0,1.0,1.0,0.5,1.0,0.0,1.0,1.0,0.5,2.0,1.0,1.0,1.0,0.5,1.0
459,Snover,Grass,Ice,1.0,50.5,60,62,50,334,120,4,70,67,Slow, ,False,False,False,False,False,False,False,0.5,20,1.0,4.0,0.5,0.5,0.5,1.0,2.0,2.0,0.5,2.0,1.0,2.0,2.0,1.0,1.0,1.0,2.0,1.0
460,Abomasnow,Grass,Ice,2.2,135.5,90,92,75,494,60,4,70,173,Slow,Snover,False,False,False,True,False,False,False,0.5,20,1.0,4.0,0.5,0.5,0.5,1.0,2.0,2.0,0.5,2.0,1.0,2.0,2.0,1.0,1.0,1.0,2.0,1.0
461,Weavile,Dark,Ice,1.1,34.0,70,120,65,510,45,4,35,179,Medium Slow,Sneasel,False,False,False,False,False,False,False,0.5,20,1.0,2.0,1.0,1.0,1.0,0.5,4.0,1.0,1.0,1.0,0.0,2.0,2.0,0.5,1.0,0.5,2.0,2.0
462,Magnezone,Electric,Steel,1.2,180.0,70,70,115,535,30,4,70,241,Medium Fast,Magneton,False,False,False,False,False,False,True,0.0,20,0.5,2.0,1.0,0.5,0.5,0.5,2.0,0.0,4.0,0.25,0.5,0.5,0.5,1.0,0.5,1.0,0.25,0.5
463,Lickilicky,Normal, ,1.7,140.0,110,85,95,515,30,4,70,180,Medium Fast,Lickitung,False,False,False,False,False,False,False,0.5,20,1.0,1.0,1.0,1.0,1.0,1.0,2.0,1.0,1.0,1.0,1.0,1.0,1.0,0.0,1.0,1.0,1.0,1.0
464,Rhyperior,Ground,Rock,2.4,282.8,115,140,130,535,30,4,70,241,Slow,Rhydon,False,False,False,False,False,False,False,0.5,20,0.5,0.5,4.0,0.0,4.0,2.0,2.0,0.25,2.0,0.5,1.0,1.0,0.5,1.0,1.0,1.0,2.0,1.0
465,Tangrowth,Grass, ,2.0,128.6,100,100,125,535,30,4,70,187,Medium Fast,Tangela,False,False,False,False,False,False,False,0.5,20,1.0,2.0,0.5,0.5,0.5,2.0,1.0,2.0,0.5,2.0,1.0,2.0,1.0,1.0,1.0,1.0,1.0,1.0
466,Electivire,Electric, ,1.8,138.6,75,123,67,540,30,4,70,243,Medium Fast,Electabuzz,False,False,False,False,False,False,False,0.25,25,1.0,1.0,1.0,0.5,1.0,1.0,1.0,1.0,2.0,0.5,1.0,1.0,1.0,1.0,1.0,1.0,0.5,1.0
467,Magmortar,Fire, ,1.6,68.0,75,95,67,540,30,4,70,243,Medium Fast,Magmar,False,False,False,False,False,False,False,0.25,25,1.0,0.5,2.0,1.0,0.5,0.5,1.0,1.0,2.0,1.0,1.0,0.5,2.0,1.0,1.0,1.0,0.5,0.5
468,Togekiss,Fairy,Flying,1.5,38.0,85,50,95,545,30,4,70,245,Fast,Togetic,False,False,False,False,False,False,False,0.125,10,1.0,1.0,1.0,2.0,0.5,2.0,0.25,2.0,0.0,1.0,1.0,0.25,2.0,1.0,0.0,0.5,2.0,1.0
469,Yanmega,Bug,Flying,1.9,51.5,86,76,86,515,30,4,70,180,Medium Fast,Yanma,False,False,False,False,False,False,False,0.5,20,1.0,2.0,1.0,2.0,0.25,2.0,0.25,1.0,0.0,2.0,1.0,0.5,4.0,1.0,1.0,1.0,1.0,1.0
470,Leafeon,Grass, ,1.0,25.5,65,110,130,525,45,4,35,184,Medium Fast,Eevee,False,False,False,False,False,False,False,0.125,35,1.0,2.0,0.5,0.5,0.5,2.0,1.0,2.0,0.5,2.0,1.0,2.0,1.0,1.0,1.0,1.0,1.0,1.0
471,Glaceon,Ice, ,0.8,25.9,65,60,110,525,45,4,35,184,Medium Fast,Eevee,False,False,False,False,False,False,False,0.125,35,1.0,2.0,1.0,1.0,1.0,0.5,2.0,1.0,1.0,1.0,1.0,1.0,2.0,1.0,1.0,1.0,2.0,1.0
472,Gliscor,Ground,Flying,2.0,42.5,75,95,125,510,30,4,70,179,Medium Slow,Gligar,False,False,False,False,False,False,False,0.5,20,1.0,1.0,2.0,0.0,1.0,4.0,0.5,0.5,0.0,1.0,1.0,0.5,1.0,1.0,1.0,1.0,1.0,1.0
473,Mamoswine,Ice,Ground,2.5,291.0,110,130,80,530,50,4,70,239,Slow,Piloswine,False,False,False,False,False,False,False,0.5,20,1.0,2.0,2.0,0.0,2.0,1.0,2.0,0.5,1.0,1.0,1.0,1.0,1.0,1.0,1.0,1.0,2.0,1.0
474,Porygon Z,Normal, ,0.9,34.0,85,80,70,535,30,4,70,241,Medium Fast,Porygon2,False,False,False,False,False,False,True,0.0,20,1.0,1.0,1.0,1.0,1.0,1.0,2.0,1.0,1.0,1.0,1.0,1.0,1.0,0.0,1.0,1.0,1.0,1.0
475,Gallade,Psychic,Fighting,1.6,52.0,68,125,65,518,45,4,35,233,Slow,Kirlia,False,False,False,True,False,False,False,0.0,20,1.0,1.0,1.0,1.0,1.0,1.0,0.5,1.0,1.0,2.0,1.0,1.0,0.5,2.0,1.0,1.0,1.0,2.0
476,Probopass,Rock,Steel,1.4,340.0,60,55,145,525,60,4,70,184,Medium Fast,Nosepass,False,False,False,False,False,False,False,0.5,20,0.25,1.0,2.0,1.0,1.0,0.5,4.0,0.0,4.0,0.25,0.5,0.5,0.5,1.0,0.5,1.0,1.0,0.5
477,Dusknoir,Ghost, ,2.2,106.6,45,100,135,525,45,4,35,236,Fast,Dusclops,False,False,False,False,False,False,False,0.5,25,0.0,1.0,1.0,1.0,1.0,1.0,0.0,0.5,1.0,1.0,1.0,0.5,1.0,2.0,1.0,2.0,1.0,1.0
478,Froslass,Ice,Ghost,1.3,26.6,70,80,70,480,75,4,70,168,Medium Fast,Snorunt,False,False,False,False,False,False,False,1.0,20,0.0,2.0,1.0,1.0,1.0,0.5,0.0,0.5,1.0,1.0,1.0,0.5,2.0,2.0,1.0,2.0,2.0,1.0
479,Rotom,Electric,Ghost,0.3,0.3,50,50,77,440,45,4,70,154,Medium Fast, ,False,False,False,True,False,False,True,0.0,20,0.0,1.0,1.0,0.5,1.0,1.0,0.0,0.5,2.0,0.5,1.0,0.5,1.0,2.0,1.0,2.0,0.5,1.0
480,Uxie,Psychic, ,0.3,0.3,75,75,130,580,3,4,140,261,Slow, ,False,False,False,False,True,False,True,0.0,80,1.0,1.0,1.0,1.0,1.0,1.0,0.5,1.0,1.0,1.0,0.5,2.0,1.0,2.0,1.0,2.0,1.0,1.0
481,Mesprit,Psychic, ,0.3,0.3,80,105,105,580,3,4,140,261,Slow, ,False,False,False,False,True,False,True,0.0,80,1.0,1.0,1.0,1.0,1.0,1.0,0.5,1.0,1.0,1.0,0.5,2.0,1.0,2.0,1.0,2.0,1.0,1.0
482,Azelf,Psychic, ,0.3,0.3,75,125,70,580,3,4,140,261,Slow, ,False,False,False,False,True,False,True,0.0,80,1.0,1.0,1.0,1.0,1.0,1.0,0.5,1.0,1.0,1.0,0.5,2.0,1.0,2.0,1.0,2.0,1.0,1.0
483,Dialga,Steel,Dragon,5.4,683.0,100,120,120,680,3,4,0,306,Slow, ,False,False,False,False,True,False,True,0.0,120,0.5,1.0,0.5,0.5,0.25,1.0,2.0,0.0,2.0,0.5,0.5,0.5,0.5,1.0,1.0,1.0,0.5,1.0
484,Palkia,Water,Dragon,4.2,336.0,90,120,100,680,3,4,0,306,Slow, ,False,False,False,False,True,False,True,0.0,120,1.0,0.25,0.25,1.0,1.0,1.0,1.0,1.0,1.0,1.0,1.0,1.0,1.0,1.0,2.0,1.0,0.5,2.0
485,Heatran,Fire,Steel,1.7,430.0,91,90,106,600,3,4,100,270,Slow, ,False,False,False,False,True,False,False,0.5,10,0.5,1.0,2.0,1.0,0.25,0.25,2.0,0.0,4.0,0.5,0.5,0.25,1.0,1.0,0.5,1.0,0.25,0.25
486,Regigigas,Normal, ,3.7,420.0,110,160,110,670,3,4,0,302,Slow, ,False,False,False,False,True,False,True,0.0,120,1.0,1.0,1.0,1.0,1.0,1.0,2.0,1.0,1.0,1.0,1.0,1.0,1.0,0.0,1.0,1.0,1.0,1.0
487,Giratina Altered,Ghost,Dragon,4.5,750.0,150,100,120,680,3,4,0,306,Slow, ,False,False,False,True,True,False,True,0.0,120,0.0,0.5,0.5,0.5,0.5,2.0,0.0,0.5,1.0,1.0,1.0,0.5,1.0,2.0,2.0,2.0,1.0,2.0
488,Cresselia,Psychic, ,1.5,85.6,120,70,120,600,3,4,100,270,Slow, ,False,False,False,False,True,False,False,1.0,120,1.0,1.0,1.0,1.0,1.0,1.0,0.5,1.0,1.0,1.0,0.5,2.0,1.0,2.0,1.0,2.0,1.0,1.0
489,Phione,Water, ,0.4,3.1,80,80,80,480,30,4,70,216,Slow, ,False,False,False,False,False,True,True,0.0,40,1.0,0.5,0.5,2.0,2.0,0.5,1.0,1.0,1.0,1.0,1.0,1.0,1.0,1.0,1.0,1.0,0.5,1.0
490,Manaphy,Water, ,0.3,1.4,100,100,100,600,3,4,70,270,Slow, ,False,False,False,False,False,True,True,0.0,10,1.0,0.5,0.5,2.0,2.0,0.5,1.0,1.0,1.0,1.0,1.0,1.0,1.0,1.0,1.0,1.0,0.5,1.0
491,Darkrai,Dark, ,1.5,50.5,70,90,90,600,3,4,0,270,Slow, ,False,False,False,False,False,True,True,0.0,120,1.0,1.0,1.0,1.0,1.0,1.0,2.0,1.0,1.0,1.0,0.0,2.0,1.0,0.5,1.0,0.5,1.0,2.0
492,Shaymin Land,Grass, ,0.2,2.1,100,100,100,600,45,4,100,270,Medium Slow, ,False,False,False,True,False,True,True,0.0,120,1.0,2.0,0.5,0.5,0.5,2.0,1.0,2.0,0.5,2.0,1.0,2.0,1.0,1.0,1.0,1.0,1.0,1.0
493,Arceus,Normal, ,3.2,320.0,120,120,120,720,3,4,0,324,Slow, ,False,False,False,True,False,True,True,0.0,120,1.0,1.0,1.0,1.0,1.0,1.0,2.0,1.0,1.0,1.0,1.0,1.0,1.0,0.0,1.0,1.0,1.0,1.0
494,Victini,Psychic,Fire,0.4,4.0,100,100,100,600,3,5,100,270,Slow, ,False,False,False,False,False,True,True,0.0,120,1.0,0.5,2.0,1.0,0.5,0.5,0.5,1.0,2.0,1.0,0.5,1.0,2.0,2.0,1.0,2.0,0.5,0.5
495,Snivy,Grass, ,0.6,8.1,45,45,55,308,45,5,70,62,Medium Slow, ,False,False,False,False,False,False,False,0.125,20,1.0,2.0,0.5,0.5,0.5,2.0,1.0,2.0,0.5,2.0,1.0,2.0,1.0,1.0,1.0,1.0,1.0,1.0
496,Servine,Grass, ,0.8,16.0,60,60,75,413,45,5,70,145,Medium Slow,Snivy,False,False,False,False,False,False,False,0.125,20,1.0,2.0,0.5,0.5,0.5,2.0,1.0,2.0,0.5,2.0,1.0,2.0,1.0,1.0,1.0,1.0,1.0,1.0
497,Serperior,Grass, ,3.3,63.0,75,75,95,528,45,5,70,238,Medium Slow,Servine,False,False,False,False,False,False,False,0.125,20,1.0,2.0,0.5,0.5,0.5,2.0,1.0,2.0,0.5,2.0,1.0,2.0,1.0,1.0,1.0,1.0,1.0,1.0
498,Tepig,Fire, ,0.5,9.9,65,63,45,308,45,5,70,62,Medium Slow, ,False,False,False,False,False,False,False,0.125,20,1.0,0.5,2.0,1.0,0.5,0.5,1.0,1.0,2.0,1.0,1.0,0.5,2.0,1.0,1.0,1.0,0.5,0.5
499,Pignite,Fire,Fighting,1.0,55.5,90,93,55,418,45,5,70,146,Medium Slow,Tepig,False,False,False,False,False,False,False,0.125,20,1.0,0.5,2.0,1.0,0.5,0.5,1.0,1.0,2.0,2.0,2.0,0.25,1.0,1.0,1.0,0.5,0.5,1.0
500,Emboar,Fire,Fighting,1.6,150.0,110,123,65,528,45,5,70,238,Medium Slow,Pignite,False,False,False,False,False,False,False,0.125,20,1.0,0.5,2.0,1.0,0.5,0.5,1.0,1.0,2.0,2.0,2.0,0.25,1.0,1.0,1.0,0.5,0.5,1.0
501,Oshawott,Water, ,0.5,5.9,55,55,45,308,45,5,70,62,Medium Slow, ,False,False,False,False,False,False,False,0.125,20,1.0,0.5,0.5,2.0,2.0,0.5,1.0,1.0,1.0,1.0,1.0,1.0,1.0,1.0,1.0,1.0,0.5,1.0
502,Dewott,Water, ,0.8,24.5,75,75,60,413,45,5,70,145,Medium Slow,Oshawott,False,False,False,False,False,False,False,0.125,20,1.0,0.5,0.5,2.0,2.0,0.5,1.0,1.0,1.0,1.0,1.0,1.0,1.0,1.0,1.0,1.0,0.5,1.0
503,Samurott,Water, ,1.5,94.6,95,100,85,528,45,5,70,238,Medium Slow,Dewott,False,False,False,False,False,False,False,0.125,20,1.0,0.5,0.5,2.0,2.0,0.5,1.0,1.0,1.0,1.0,1.0,1.0,1.0,1.0,1.0,1.0,0.5,1.0
504,Patrat,Normal, ,0.5,11.6,45,55,39,255,255,5,70,51,Medium Fast, ,False,False,False,False,False,False,False,0.5,15,1.0,1.0,1.0,1.0,1.0,1.0,2.0,1.0,1.0,1.0,1.0,1.0,1.0,0.0,1.0,1.0,1.0,1.0
505,Watchog,Normal, ,1.1,27.0,60,85,69,420,255,5,70,147,Medium Fast,Patrat,False,False,False,False,False,False,False,0.5,20,1.0,1.0,1.0,1.0,1.0,1.0,2.0,1.0,1.0,1.0,1.0,1.0,1.0,0.0,1.0,1.0,1.0,1.0
506,Lillipup,Normal, ,0.4,4.1,45,60,45,275,255,5,70,55,Medium Slow, ,False,False,False,False,False,False,False,0.5,15,1.0,1.0,1.0,1.0,1.0,1.0,2.0,1.0,1.0,1.0,1.0,1.0,1.0,0.0,1.0,1.0,1.0,1.0
507,Herdier,Normal, ,0.9,14.7,65,80,65,370,120,5,70,130,Medium Slow,Lillipup,False,False,False,False,False,False,False,0.5,15,1.0,1.0,1.0,1.0,1.0,1.0,2.0,1.0,1.0,1.0,1.0,1.0,1.0,0.0,1.0,1.0,1.0,1.0
508,Stoutland,Normal, ,1.2,61.0,85,110,90,500,45,5,70,225,Medium Slow,Herdier,False,False,False,False,False,False,False,0.5,15,1.0,1.0,1.0,1.0,1.0,1.0,2.0,1.0,1.0,1.0,1.0,1.0,1.0,0.0,1.0,1.0,1.0,1.0
509,Purrloin,Dark, ,0.4,10.1,41,50,37,281,255,5,70,56,Medium Fast, ,False,False,False,False,False,False,False,0.5,20,1.0,1.0,1.0,1.0,1.0,1.0,2.0,1.0,1.0,1.0,0.0,2.0,1.0,0.5,1.0,0.5,1.0,2.0
510,Liepard,Dark, ,1.1,37.5,64,88,50,446,90,5,70,156,Medium Fast,Purrloin,False,False,False,False,False,False,False,0.5,20,1.0,1.0,1.0,1.0,1.0,1.0,2.0,1.0,1.0,1.0,0.0,2.0,1.0,0.5,1.0,0.5,1.0,2.0
511,Pansage,Grass, ,0.6,10.5,50,53,48,316,190,5,70,63,Medium Fast, ,False,False,False,False,False,False,False,0.125,20,1.0,2.0,0.5,0.5,0.5,2.0,1.0,2.0,0.5,2.0,1.0,2.0,1.0,1.0,1.0,1.0,1.0,1.0
512,Simisage,Grass, ,1.1,30.5,75,98,63,498,75,5,70,174,Medium Fast,Pansage,False,False,False,False,False,False,False,0.125,20,1.0,2.0,0.5,0.5,0.5,2.0,1.0,2.0,0.5,2.0,1.0,2.0,1.0,1.0,1.0,1.0,1.0,1.0
513,Pansear,Fire, ,0.6,11.0,50,53,48,316,190,5,70,63,Medium Fast, ,False,False,False,False,False,False,False,0.125,20,1.0,0.5,2.0,1.0,0.5,0.5,1.0,1.0,2.0,1.0,1.0,0.5,2.0,1.0,1.0,1.0,0.5,0.5
514,Simisear,Fire, ,1.0,28.0,75,98,63,498,75,5,70,174,Medium Fast,Pansear,False,False,False,False,False,False,False,0.125,20,1.0,0.5,2.0,1.0,0.5,0.5,1.0,1.0,2.0,1.0,1.0,0.5,2.0,1.0,1.0,1.0,0.5,0.5
515,Panpour,Water, ,0.6,13.5,50,53,48,316,190,5,70,63,Medium Fast, ,False,False,False,False,False,False,False,0.125,20,1.0,0.5,0.5,2.0,2.0,0.5,1.0,1.0,1.0,1.0,1.0,1.0,1.0,1.0,1.0,1.0,0.5,1.0
516,Simipour,Water, ,1.0,29.0,75,98,63,498,75,5,70,174,Medium Fast,Panpour,False,False,False,False,False,False,False,0.125,20,1.0,0.5,0.5,2.0,2.0,0.5,1.0,1.0,1.0,1.0,1.0,1.0,1.0,1.0,1.0,1.0,0.5,1.0
517,Munna,Psychic, ,0.6,23.3,76,25,45,292,190,5,70,58,Fast, ,False,False,False,False,False,False,False,0.5,10,1.0,1.0,1.0,1.0,1.0,1.0,0.5,1.0,1.0,1.0,0.5,2.0,1.0,2.0,1.0,2.0,1.0,1.0
518,Musharna,Psychic, ,1.1,60.5,116,55,85,487,75,5,70,170,Fast,Munna,False,False,False,False,False,False,False,0.5,10,1.0,1.0,1.0,1.0,1.0,1.0,0.5,1.0,1.0,1.0,0.5,2.0,1.0,2.0,1.0,2.0,1.0,1.0
519,Pidove,Normal,Flying,0.3,2.1,50,55,50,264,255,5,70,53,Medium Slow, ,False,False,False,False,False,False,False,0.5,15,1.0,1.0,1.0,2.0,0.5,2.0,1.0,1.0,0.0,1.0,1.0,0.5,2.0,0.0,1.0,1.0,1.0,1.0
520,Tranquill,Normal,Flying,0.6,15.0,62,77,62,358,120,5,70,125,Medium Slow,Pidove,False,False,False,False,False,False,False,0.5,15,1.0,1.0,1.0,2.0,0.5,2.0,1.0,1.0,0.0,1.0,1.0,0.5,2.0,0.0,1.0,1.0,1.0,1.0
521,Unfezant,Normal,Flying,1.2,29.0,80,115,80,488,45,5,70,220,Medium Slow,Tranquill,False,False,False,False,False,False,False,0.5,15,1.0,1.0,1.0,2.0,0.5,2.0,1.0,1.0,0.0,1.0,1.0,0.5,2.0,0.0,1.0,1.0,1.0,1.0
522,Blitzle,Electric, ,0.8,29.8,45,60,32,295,190,5,70,59,Medium Fast, ,False,False,False,False,False,False,False,0.5,20,1.0,1.0,1.0,0.5,1.0,1.0,1.0,1.0,2.0,0.5,1.0,1.0,1.0,1.0,1.0,1.0,0.5,1.0
523,Zebstrika,Electric, ,1.6,79.5,75,100,63,497,75,5,70,174,Medium Fast,Blitzle,False,False,False,False,False,False,False,0.5,20,1.0,1.0,1.0,0.5,1.0,1.0,1.0,1.0,2.0,0.5,1.0,1.0,1.0,1.0,1.0,1.0,0.5,1.0
524,Roggenrola,Rock, ,0.4,18.0,55,75,85,280,255,5,70,56,Medium Slow, ,False,False,False,False,False,False,False,0.5,15,0.5,0.5,2.0,1.0,2.0,1.0,2.0,0.5,2.0,0.5,1.0,1.0,1.0,1.0,1.0,1.0,2.0,1.0
525,Boldore,Rock, ,0.9,102.0,70,105,105,390,120,5,70,137,Medium Slow,Roggenrola,False,False,False,False,False,False,False,0.5,15,0.5,0.5,2.0,1.0,2.0,1.0,2.0,0.5,2.0,0.5,1.0,1.0,1.0,1.0,1.0,1.0,2.0,1.0
526,Gigalith,Rock, ,1.7,260.0,85,135,130,515,45,5,70,232,Medium Slow,Boldore,False,False,False,False,False,False,False,0.5,15,0.5,0.5,2.0,1.0,2.0,1.0,2.0,0.5,2.0,0.5,1.0,1.0,1.0,1.0,1.0,1.0,2.0,1.0
527,Woobat,Psychic,Flying,0.4,2.1,65,45,43,323,190,5,70,65,Medium Fast, ,False,False,False,False,False,False,False,0.5,15,1.0,1.0,1.0,2.0,0.5,2.0,0.25,1.0,0.0,1.0,0.5,1.0,2.0,2.0,1.0,2.0,1.0,1.0
528,Swoobat,Psychic,Flying,0.9,10.5,67,57,55,425,45,5,70,149,Medium Fast,Woobat,False,False,False,False,False,False,False,0.5,15,1.0,1.0,1.0,2.0,0.5,2.0,0.25,1.0,0.0,1.0,0.5,1.0,2.0,2.0,1.0,2.0,1.0,1.0
529,Drilbur,Ground, ,0.3,8.5,60,85,40,328,120,5,70,66,Medium Fast, ,False,False,False,False,False,False,False,0.5,20,1.0,1.0,2.0,0.0,2.0,2.0,1.0,0.5,1.0,1.0,1.0,1.0,0.5,1.0,1.0,1.0,1.0,1.0
530,Excadrill,Ground,Steel,0.7,40.4,110,135,60,508,60,5,70,178,Medium Fast,Drilbur,False,False,False,False,False,False,False,0.5,20,0.5,2.0,2.0,0.0,1.0,1.0,2.0,0.0,2.0,0.5,0.5,0.5,0.25,1.0,0.5,1.0,0.5,0.5
531,Audino,Normal, ,1.1,31.0,103,60,86,445,255,5,70,390,Fast, ,False,False,False,True,False,False,False,0.5,20,1.0,1.0,1.0,1.0,1.0,1.0,2.0,1.0,1.0,1.0,1.0,1.0,1.0,0.0,1.0,1.0,1.0,1.0
532,Timburr,Fighting, ,0.6,12.5,75,80,55,305,180,5,70,61,Medium Slow, ,False,False,False,False,False,False,False,0.25,20,1.0,1.0,1.0,1.0,1.0,1.0,1.0,1.0,1.0,2.0,2.0,0.5,0.5,1.0,1.0,0.5,1.0,2.0
533,Gurdurr,Fighting, ,1.2,40.0,85,105,85,405,90,5,70,142,Medium Slow,Timburr,False,False,False,False,False,False,False,0.25,20,1.0,1.0,1.0,1.0,1.0,1.0,1.0,1.0,1.0,2.0,2.0,0.5,0.5,1.0,1.0,0.5,1.0,2.0
534,Conkeldurr,Fighting, ,1.4,87.0,105,140,95,505,45,5,70,227,Medium Slow,Gurdurr,False,False,False,False,False,False,False,0.25,20,1.0,1.0,1.0,1.0,1.0,1.0,1.0,1.0,1.0,2.0,2.0,0.5,0.5,1.0,1.0,0.5,1.0,2.0
535,Tympole,Water, ,0.5,4.5,50,50,40,294,255,5,70,59,Medium Slow, ,False,False,False,False,False,False,False,0.5,20,1.0,0.5,0.5,2.0,2.0,0.5,1.0,1.0,1.0,1.0,1.0,1.0,1.0,1.0,1.0,1.0,0.5,1.0
536,Palpitoad,Water,Ground,0.8,17.0,75,65,55,384,120,5,70,134,Medium Slow,Tympole,False,False,False,False,False,False,False,0.5,20,1.0,0.5,1.0,0.0,4.0,1.0,1.0,0.5,1.0,1.0,1.0,1.0,0.5,1.0,1.0,1.0,0.5,1.0
537,Seismitoad,Water,Ground,1.5,62.0,105,95,75,509,45,5,70,229,Medium Slow,Palpitoad,False,False,False,False,False,False,False,0.5,20,1.0,0.5,1.0,0.0,4.0,1.0,1.0,0.5,1.0,1.0,1.0,1.0,0.5,1.0,1.0,1.0,0.5,1.0
538,Throh,Fighting, ,1.3,55.5,120,100,85,465,45,5,70,163,Medium Fast, ,False,False,False,False,False,False,False,0.0,20,1.0,1.0,1.0,1.0,1.0,1.0,1.0,1.0,1.0,2.0,2.0,0.5,0.5,1.0,1.0,0.5,1.0,2.0
539,Sawk,Fighting, ,1.4,51.0,75,125,75,465,45,5,70,163,Medium Fast, ,False,False,False,False,False,False,False,0.0,20,1.0,1.0,1.0,1.0,1.0,1.0,1.0,1.0,1.0,2.0,2.0,0.5,0.5,1.0,1.0,0.5,1.0,2.0
540,Sewaddle,Bug,Grass,0.3,2.5,45,53,70,310,255,5,70,62,Medium Slow, ,False,False,False,False,False,False,False,0.5,15,1.0,4.0,0.5,0.5,0.25,2.0,0.5,2.0,0.25,4.0,1.0,2.0,2.0,1.0,1.0,1.0,1.0,1.0
541,Swadloon,Bug,Grass,0.5,7.3,55,63,90,380,120,5,70,133,Medium Slow,Sewaddle,False,False,False,False,False,False,False,0.5,15,1.0,4.0,0.5,0.5,0.25,2.0,0.5,2.0,0.25,4.0,1.0,2.0,2.0,1.0,1.0,1.0,1.0,1.0
542,Leavanny,Bug,Grass,1.2,20.5,75,103,80,500,45,5,70,225,Medium Slow,Swadloon,False,False,False,False,False,False,False,0.5,15,1.0,4.0,0.5,0.5,0.25,2.0,0.5,2.0,0.25,4.0,1.0,2.0,2.0,1.0,1.0,1.0,1.0,1.0
543,Venipede,Bug,Poison,0.4,5.3,30,45,59,260,255,5,70,52,Medium Slow, ,False,False,False,False,False,False,False,0.5,15,1.0,2.0,1.0,1.0,0.25,1.0,0.25,0.5,1.0,2.0,2.0,0.5,2.0,1.0,1.0,1.0,1.0,0.5
544,Whirlipede,Bug,Poison,1.2,58.5,40,55,99,360,120,5,70,126,Medium Slow,Venipede,False,False,False,False,False,False,False,0.5,15,1.0,2.0,1.0,1.0,0.25,1.0,0.25,0.5,1.0,2.0,2.0,0.5,2.0,1.0,1.0,1.0,1.0,0.5
545,Scolipede,Bug,Poison,2.5,200.5,60,100,89,485,45,5,70,218,Medium Slow,Whirlipede,False,False,False,False,False,False,False,0.5,20,1.0,2.0,1.0,1.0,0.25,1.0,0.25,0.5,1.0,2.0,2.0,0.5,2.0,1.0,1.0,1.0,1.0,0.5
546,Cottonee,Grass,Fairy,0.3,0.6,40,27,60,280,190,5,70,56,Medium Fast, ,False,False,False,False,False,False,False,0.5,20,1.0,2.0,0.5,0.5,0.5,2.0,0.5,4.0,0.5,2.0,1.0,1.0,1.0,1.0,0.0,0.5,2.0,1.0
547,Whimsicott,Grass,Fairy,0.7,6.6,60,67,85,480,75,5,70,168,Medium Fast,Cottonee,False,False,False,False,False,False,False,0.5,20,1.0,2.0,0.5,0.5,0.5,2.0,0.5,4.0,0.5,2.0,1.0,1.0,1.0,1.0,0.0,0.5,2.0,1.0
548,Petilil,Grass, ,0.5,6.6,45,35,50,280,190,5,70,56,Medium Fast, ,False,False,False,False,False,False,False,1.0,20,1.0,2.0,0.5,0.5,0.5,2.0,1.0,2.0,0.5,2.0,1.0,2.0,1.0,1.0,1.0,1.0,1.0,1.0
549,Lilligant,Grass, ,1.1,16.3,70,60,75,480,75,5,70,168,Medium Fast,Petilil,False,False,False,False,False,False,False,1.0,20,1.0,2.0,0.5,0.5,0.5,2.0,1.0,2.0,0.5,2.0,1.0,2.0,1.0,1.0,1.0,1.0,1.0,1.0
550,Basculin Blue Striped,Water, ,1.0,18.0,70,92,65,460,25,4,70,161,Medium Fast, ,False,False,False,False,False,False,False,0.5,40,1.0,0.5,0.5,2.0,2.0,0.5,1.0,1.0,1.0,1.0,1.0,1.0,1.0,1.0,1.0,1.0,0.5,1.0
551,Sandile,Ground,Dark,0.7,15.2,50,72,35,292,180,5,70,58,Medium Slow, ,False,False,False,False,False,False,False,0.5,20,1.0,1.0,2.0,0.0,2.0,2.0,2.0,0.5,1.0,1.0,0.0,2.0,0.5,0.5,1.0,0.5,1.0,2.0
552,Krokorok,Ground,Dark,1.0,33.4,60,82,45,351,90,5,70,123,Medium Slow,Sandile,False,False,False,False,False,False,False,0.5,20,1.0,1.0,2.0,0.0,2.0,2.0,2.0,0.5,1.0,1.0,0.0,2.0,0.5,0.5,1.0,0.5,1.0,2.0
553,Krookodile,Ground,Dark,1.5,96.3,95,117,80,519,45,5,70,234,Medium Slow,Krokorok,False,False,False,False,False,False,False,0.5,20,1.0,1.0,2.0,0.0,2.0,2.0,2.0,0.5,1.0,1.0,0.0,2.0,0.5,0.5,1.0,0.5,1.0,2.0
554,Darumaka,Fire, ,0.6,37.5,70,90,45,315,120,5,70,63,Medium Slow, ,False,False,False,False,False,False,False,0.5,20,1.0,0.5,2.0,1.0,0.5,0.5,1.0,1.0,2.0,1.0,1.0,0.5,2.0,1.0,1.0,1.0,0.5,0.5
555,Darmanitan,Fire, ,1.3,92.9,105,140,55,480,60,5,70,168,Medium Slow,Darumaka,False,False,False,True,False,False,False,0.5,20,1.0,0.5,2.0,1.0,0.5,0.5,1.0,1.0,2.0,1.0,1.0,0.5,2.0,1.0,1.0,1.0,0.5,0.5
556,Maractus,Grass, ,1.0,28.0,75,86,67,461,255,5,70,161,Medium Fast, ,False,False,False,False,False,False,False,0.5,20,1.0,2.0,0.5,0.5,0.5,2.0,1.0,2.0,0.5,2.0,1.0,2.0,1.0,1.0,1.0,1.0,1.0,1.0
557,Dwebble,Bug,Rock,0.3,14.5,50,65,85,325,190,5,70,65,Medium Fast, ,False,False,False,False,False,False,False,0.5,20,0.5,1.0,2.0,1.0,1.0,1.0,1.0,0.5,1.0,1.0,1.0,1.0,2.0,1.0,1.0,1.0,2.0,1.0
558,Crustle,Bug,Rock,1.4,200.0,70,105,125,485,75,5,70,170,Medium Fast,Dwebble,False,False,False,False,False,False,False,0.5,20,0.5,1.0,2.0,1.0,1.0,1.0,1.0,0.5,1.0,1.0,1.0,1.0,2.0,1.0,1.0,1.0,2.0,1.0
559,Scraggy,Dark,Fighting,0.6,11.8,50,75,70,348,180,5,35,70,Medium Fast, ,False,False,False,False,False,False,False,0.5,15,1.0,1.0,1.0,1.0,1.0,1.0,2.0,1.0,1.0,2.0,0.0,1.0,0.5,0.5,1.0,0.25,1.0,4.0
560,Scrafty,Dark,Fighting,1.1,30.0,65,90,115,488,90,5,70,171,Medium Fast,Scraggy,False,False,False,False,False,False,False,0.5,15,1.0,1.0,1.0,1.0,1.0,1.0,2.0,1.0,1.0,2.0,0.0,1.0,0.5,0.5,1.0,0.25,1.0,4.0
561,Sigilyph,Psychic,Flying,1.4,14.0,72,58,80,490,45,5,70,172,Medium Fast, ,False,False,False,False,False,False,False,0.5,20,1.0,1.0,1.0,2.0,0.5,2.0,0.25,1.0,0.0,1.0,0.5,1.0,2.0,2.0,1.0,2.0,1.0,1.0
562,Galarian Yamask,Ground,Ghost,0.5,1.5,38,55,85,303,190,8,70,61,Medium Fast, ,False,False,True,False,False,False,False,0.5,25,0.0,1.0,2.0,0.0,2.0,2.0,0.0,0.25,1.0,1.0,1.0,0.5,0.5,2.0,1.0,2.0,1.0,1.0
563,Cofagrigus,Ghost, ,1.7,76.5,58,50,145,483,90,5,70,169,Medium Fast,Yamask,False,False,False,False,False,False,False,0.5,25,0.0,1.0,1.0,1.0,1.0,1.0,0.0,0.5,1.0,1.0,1.0,0.5,1.0,2.0,1.0,2.0,1.0,1.0
564,Tirtouga,Water,Rock,0.7,16.5,54,78,103,355,45,5,70,71,Medium Fast, ,False,False,False,False,False,False,False,0.125,30,0.5,0.25,1.0,2.0,4.0,0.5,2.0,0.5,2.0,0.5,1.0,1.0,1.0,1.0,1.0,1.0,1.0,1.0
565,Carracosta,Water,Rock,1.2,81.0,74,108,133,495,45,5,70,173,Medium Fast,Tirtouga,False,False,False,False,False,False,False,0.125,30,0.5,0.25,1.0,2.0,4.0,0.5,2.0,0.5,2.0,0.5,1.0,1.0,1.0,1.0,1.0,1.0,1.0,1.0
566,Archen,Rock,Flying,0.5,9.5,55,112,45,401,45,5,70,71,Medium Fast, ,False,False,False,False,False,False,False,0.125,30,0.5,0.5,2.0,2.0,1.0,2.0,1.0,0.5,0.0,0.5,1.0,0.5,2.0,1.0,1.0,1.0,2.0,1.0
567,Archeops,Rock,Flying,1.4,32.0,75,140,65,567,45,5,70,177,Medium Fast,Archen,False,False,False,False,False,False,False,0.125,30,0.5,0.5,2.0,2.0,1.0,2.0,1.0,0.5,0.0,0.5,1.0,0.5,2.0,1.0,1.0,1.0,2.0,1.0
568,Trubbish,Poison, ,0.6,31.0,50,50,62,329,190,5,70,66,Medium Fast, ,False,False,False,False,False,False,False,0.5,20,1.0,1.0,1.0,1.0,0.5,1.0,0.5,0.5,2.0,1.0,2.0,0.5,1.0,1.0,1.0,1.0,1.0,0.5
569,Garbodor,Poison, ,1.9,107.3,80,95,82,474,60,5,70,166,Medium Fast,Trubbish,False,False,False,False,False,False,False,0.5,20,1.0,1.0,1.0,1.0,0.5,1.0,0.5,0.5,2.0,1.0,2.0,0.5,1.0,1.0,1.0,1.0,1.0,0.5
570,Zorua,Dark, ,0.7,12.5,40,65,40,330,75,5,70,66,Medium Slow, ,False,False,False,False,False,False,False,0.125,25,1.0,1.0,1.0,1.0,1.0,1.0,2.0,1.0,1.0,1.0,0.0,2.0,1.0,0.5,1.0,0.5,1.0,2.0
571,Zoroark,Dark, ,1.6,81.1,60,105,60,510,45,5,70,179,Medium Slow,Zorua,False,False,False,False,False,False,False,0.125,20,1.0,1.0,1.0,1.0,1.0,1.0,2.0,1.0,1.0,1.0,0.0,2.0,1.0,0.5,1.0,0.5,1.0,2.0
572,Minccino,Normal, ,0.4,5.8,55,50,40,300,255,5,70,60,Fast, ,False,False,False,False,False,False,False,0.75,15,1.0,1.0,1.0,1.0,1.0,1.0,2.0,1.0,1.0,1.0,1.0,1.0,1.0,0.0,1.0,1.0,1.0,1.0
573,Cinccino,Normal, ,0.5,7.5,75,95,60,470,60,5,70,165,Fast,Minccino,False,False,False,False,False,False,False,0.75,15,1.0,1.0,1.0,1.0,1.0,1.0,2.0,1.0,1.0,1.0,1.0,1.0,1.0,0.0,1.0,1.0,1.0,1.0
574,Gothita,Psychic, ,0.4,5.8,45,30,50,290,200,5,70,58,Medium Slow, ,False,False,False,False,False,False,False,0.75,20,1.0,1.0,1.0,1.0,1.0,1.0,0.5,1.0,1.0,1.0,0.5,2.0,1.0,2.0,1.0,2.0,1.0,1.0
575,Gothorita,Psychic, ,0.7,18.0,60,45,70,390,100,5,70,137,Medium Slow,Gothita,False,False,False,False,False,False,False,0.75,20,1.0,1.0,1.0,1.0,1.0,1.0,0.5,1.0,1.0,1.0,0.5,2.0,1.0,2.0,1.0,2.0,1.0,1.0
576,Gothitelle,Psychic, ,1.5,44.0,70,55,95,490,50,5,70,221,Medium Slow,Gothorita,False,False,False,False,False,False,False,0.75,20,1.0,1.0,1.0,1.0,1.0,1.0,0.5,1.0,1.0,1.0,0.5,2.0,1.0,2.0,1.0,2.0,1.0,1.0
577,Solosis,Psychic, ,0.3,1.0,45,30,40,290,200,5,70,58,Medium Slow, ,False,False,False,False,False,False,False,0.5,20,1.0,1.0,1.0,1.0,1.0,1.0,0.5,1.0,1.0,1.0,0.5,2.0,1.0,2.0,1.0,2.0,1.0,1.0
578,Duosion,Psychic, ,0.6,8.0,65,40,50,370,100,5,70,130,Medium Slow,Solosis,False,False,False,False,False,False,False,0.5,20,1.0,1.0,1.0,1.0,1.0,1.0,0.5,1.0,1.0,1.0,0.5,2.0,1.0,2.0,1.0,2.0,1.0,1.0
579,Reuniclus,Psychic, ,1.0,20.1,110,65,75,490,50,5,70,221,Medium Slow,Duosion,False,False,False,False,False,False,False,0.5,20,1.0,1.0,1.0,1.0,1.0,1.0,0.5,1.0,1.0,1.0,0.5,2.0,1.0,2.0,1.0,2.0,1.0,1.0
580,Ducklett,Water,Flying,0.5,5.5,62,44,50,305,190,5,70,61,Medium Fast, ,False,False,False,False,False,False,False,0.5,20,1.0,0.5,0.5,4.0,1.0,1.0,0.5,1.0,0.0,1.0,1.0,0.5,2.0,1.0,1.0,1.0,0.5,1.0
581,Swanna,Water,Flying,1.3,24.2,75,87,63,473,45,5,70,166,Medium Fast,Ducklett,False,False,False,False,False,False,False,0.5,20,1.0,0.5,0.5,4.0,1.0,1.0,0.5,1.0,0.0,1.0,1.0,0.5,2.0,1.0,1.0,1.0,0.5,1.0
582,Vanillite,Ice, ,0.4,5.7,36,50,50,305,255,5,70,61,Slow, ,False,False,False,False,False,False,False,0.5,20,1.0,2.0,1.0,1.0,1.0,0.5,2.0,1.0,1.0,1.0,1.0,1.0,2.0,1.0,1.0,1.0,2.0,1.0
583,Vanillish,Ice, ,1.1,41.0,51,65,65,395,120,5,70,138,Slow,Vanillite,False,False,False,False,False,False,False,0.5,20,1.0,2.0,1.0,1.0,1.0,0.5,2.0,1.0,1.0,1.0,1.0,1.0,2.0,1.0,1.0,1.0,2.0,1.0
584,Vanilluxe,Ice, ,1.3,57.5,71,95,85,535,45,5,70,241,Slow,Vanillish,False,False,False,False,False,False,False,0.5,20,1.0,2.0,1.0,1.0,1.0,0.5,2.0,1.0,1.0,1.0,1.0,1.0,2.0,1.0,1.0,1.0,2.0,1.0
585,Deerling,Normal,Grass,0.6,19.5,60,60,50,335,190,5,70,67,Medium Fast, ,False,False,False,True,False,False,False,0.5,20,1.0,2.0,0.5,0.5,0.5,2.0,2.0,2.0,0.5,2.0,1.0,2.0,1.0,0.0,1.0,1.0,1.0,1.0
586,Sawsbuck,Normal,Grass,1.9,92.5,80,100,70,475,75,5,70,166,Medium Fast,Deerling,False,False,False,True,False,False,False,0.5,20,1.0,2.0,0.5,0.5,0.5,2.0,2.0,2.0,0.5,2.0,1.0,2.0,1.0,0.0,1.0,1.0,1.0,1.0
587,Emolga,Electric,Flying,0.4,5.0,55,75,60,428,200,5,70,150,Medium Fast, ,False,False,False,False,False,False,False,0.5,20,1.0,1.0,1.0,1.0,0.5,2.0,0.5,1.0,0.0,0.5,1.0,0.5,2.0,1.0,1.0,1.0,0.5,1.0
588,Karrablast,Bug, ,0.5,5.9,50,75,45,315,200,5,70,63,Medium Fast, ,False,False,False,False,False,False,False,0.5,15,1.0,2.0,1.0,1.0,0.5,1.0,0.5,1.0,0.5,2.0,1.0,1.0,2.0,1.0,1.0,1.0,1.0,1.0
589,Escavalier,Bug,Steel,1.0,33.0,70,135,105,495,75,5,70,173,Medium Fast,Karrablast,False,False,False,False,False,False,False,0.5,15,0.5,4.0,1.0,1.0,0.25,0.5,1.0,0.0,1.0,1.0,0.5,0.5,1.0,1.0,0.5,1.0,0.5,0.5
590,Foongus,Grass,Poison,0.2,1.0,69,55,45,294,190,5,70,59,Medium Fast, ,False,False,False,False,False,False,False,0.5,20,1.0,2.0,0.5,0.5,0.25,2.0,0.5,1.0,1.0,2.0,2.0,1.0,1.0,1.0,1.0,1.0,1.0,0.5
591,Amoonguss,Grass,Poison,0.6,10.5,114,85,70,464,75,5,70,162,Medium Fast,Foongus,False,False,False,False,False,False,False,0.5,20,1.0,2.0,0.5,0.5,0.25,2.0,0.5,1.0,1.0,2.0,2.0,1.0,1.0,1.0,1.0,1.0,1.0,0.5
592,Frillish,Water,Ghost,1.2,33.0,55,40,50,335,190,5,70,67,Medium Fast, ,False,False,False,False,False,False,False,0.5,20,0.0,0.5,0.5,2.0,2.0,0.5,0.0,0.5,1.0,1.0,1.0,0.5,1.0,2.0,1.0,2.0,0.5,1.0
593,Jellicent,Water,Ghost,2.2,135.0,100,60,70,480,60,5,70,168,Medium Fast,Frillish,False,False,False,False,False,False,False,0.5,20,0.0,0.5,0.5,2.0,2.0,0.5,0.0,0.5,1.0,1.0,1.0,0.5,1.0,2.0,1.0,2.0,0.5,1.0
594,Alomomola,Water, ,1.2,31.6,165,75,80,470,75,5,70,165,Fast, ,False,False,False,False,False,False,False,0.5,40,1.0,0.5,0.5,2.0,2.0,0.5,1.0,1.0,1.0,1.0,1.0,1.0,1.0,1.0,1.0,1.0,0.5,1.0
595,Joltik,Bug,Electric,0.1,0.6,50,47,50,319,190,5,70,64,Medium Fast, ,False,False,False,False,False,False,False,0.5,20,1.0,2.0,1.0,0.5,0.5,1.0,0.5,1.0,1.0,1.0,1.0,1.0,2.0,1.0,1.0,1.0,0.5,1.0
596,Galvantula,Bug,Electric,0.8,14.3,70,77,60,472,75,5,70,165,Medium Fast,Joltik,False,False,False,False,False,False,False,0.5,20,1.0,2.0,1.0,0.5,0.5,1.0,0.5,1.0,1.0,1.0,1.0,1.0,2.0,1.0,1.0,1.0,0.5,1.0
597,Ferroseed,Grass,Steel,0.6,18.8,44,50,91,305,255,5,70,61,Medium Fast, ,False,False,False,False,False,False,False,0.5,20,0.5,4.0,0.5,0.5,0.25,1.0,2.0,0.0,1.0,1.0,0.5,1.0,0.5,1.0,0.5,1.0,0.5,0.5
598,Ferrothorn,Grass,Steel,1.0,110.0,74,94,131,489,90,5,70,171,Medium Fast,Ferroseed,False,False,False,False,False,False,False,0.5,20,0.5,4.0,0.5,0.5,0.25,1.0,2.0,0.0,1.0,1.0,0.5,1.0,0.5,1.0,0.5,1.0,0.5,0.5
599,Klink,Steel, ,0.3,21.0,40,55,70,300,130,5,70,60,Medium Slow, ,False,False,False,False,False,False,True,0.0,20,0.5,2.0,1.0,1.0,0.5,0.5,2.0,0.0,2.0,0.5,0.5,0.5,0.5,1.0,0.5,1.0,0.5,0.5
600,Klang,Steel, ,0.6,51.0,60,80,95,440,60,5,70,154,Medium Slow,Klink,False,False,False,False,False,False,True,0.0,20,0.5,2.0,1.0,1.0,0.5,0.5,2.0,0.0,2.0,0.5,0.5,0.5,0.5,1.0,0.5,1.0,0.5,0.5
601,Klinklang,Steel, ,0.6,81.0,60,100,115,520,30,5,70,234,Medium Slow,Klang,False,False,False,False,False,False,True,0.0,20,0.5,2.0,1.0,1.0,0.5,0.5,2.0,0.0,2.0,0.5,0.5,0.5,0.5,1.0,0.5,1.0,0.5,0.5
602,Tynamo,Electric, ,0.2,0.3,35,55,40,275,190,5,70,55,Slow, ,False,False,False,False,False,False,False,0.5,20,1.0,1.0,1.0,0.5,1.0,1.0,1.0,1.0,2.0,0.5,1.0,1.0,1.0,1.0,1.0,1.0,0.5,1.0
603,Eelektrik,Electric, ,1.2,22.0,65,85,70,405,60,5,70,142,Slow,Tynamo,False,False,False,False,False,False,False,0.5,20,1.0,1.0,1.0,0.5,1.0,1.0,1.0,1.0,2.0,0.5,1.0,1.0,1.0,1.0,1.0,1.0,0.5,1.0
604,Eelektross,Electric, ,2.1,80.5,85,115,80,515,30,5,70,232,Slow,Eelektrik,False,False,False,False,False,False,False,0.5,20,1.0,1.0,1.0,0.5,1.0,1.0,1.0,1.0,2.0,0.5,1.0,1.0,1.0,1.0,1.0,1.0,0.5,1.0
605,Elgyem,Psychic, ,0.5,9.0,55,55,55,335,255,5,70,67,Medium Fast, ,False,False,False,False,False,False,False,0.5,20,1.0,1.0,1.0,1.0,1.0,1.0,0.5,1.0,1.0,1.0,0.5,2.0,1.0,2.0,1.0,2.0,1.0,1.0
606,Beheeyem,Psychic, ,1.0,34.5,75,75,75,485,90,5,70,170,Medium Fast,Elgyem,False,False,False,False,False,False,False,0.5,20,1.0,1.0,1.0,1.0,1.0,1.0,0.5,1.0,1.0,1.0,0.5,2.0,1.0,2.0,1.0,2.0,1.0,1.0
607,Litwick,Ghost,Fire,0.3,3.1,50,30,55,275,190,5,70,55,Medium Slow, ,False,False,False,False,False,False,False,0.5,20,0.0,0.5,2.0,1.0,0.5,0.5,0.0,0.5,2.0,1.0,1.0,0.25,2.0,2.0,1.0,2.0,0.5,0.5
608,Lampent,Ghost,Fire,0.6,13.0,60,40,60,370,90,5,70,130,Medium Slow,Litwick,False,False,False,False,False,False,False,0.5,20,0.0,0.5,2.0,1.0,0.5,0.5,0.0,0.5,2.0,1.0,1.0,0.25,2.0,2.0,1.0,2.0,0.5,0.5
609,Chandelure,Ghost,Fire,1.0,34.3,60,55,90,520,45,5,70,234,Medium Slow,Lampent,False,False,False,False,False,False,False,0.5,20,0.0,0.5,2.0,1.0,0.5,0.5,0.0,0.5,2.0,1.0,1.0,0.25,2.0,2.0,1.0,2.0,0.5,0.5
610,Axew,Dragon, ,0.6,18.0,46,87,60,320,75,5,35,64,Slow, ,False,False,False,False,False,False,False,0.5,40,1.0,0.5,0.5,0.5,0.5,2.0,1.0,1.0,1.0,1.0,1.0,1.0,1.0,1.0,2.0,1.0,1.0,2.0
611,Fraxure,Dragon, ,1.0,36.0,66,117,70,410,60,5,35,144,Slow,Axew,False,False,False,False,False,False,False,0.5,40,1.0,0.5,0.5,0.5,0.5,2.0,1.0,1.0,1.0,1.0,1.0,1.0,1.0,1.0,2.0,1.0,1.0,2.0
612,Haxorus,Dragon, ,1.8,105.5,76,147,90,540,45,5,35,243,Slow,Fraxure,False,False,False,False,False,False,False,0.5,40,1.0,0.5,0.5,0.5,0.5,2.0,1.0,1.0,1.0,1.0,1.0,1.0,1.0,1.0,2.0,1.0,1.0,2.0
613,Cubchoo,Ice, ,0.5,8.5,55,70,40,305,120,5,70,61,Medium Fast, ,False,False,False,False,False,False,False,0.5,20,1.0,2.0,1.0,1.0,1.0,0.5,2.0,1.0,1.0,1.0,1.0,1.0,2.0,1.0,1.0,1.0,2.0,1.0
614,Beartic,Ice, ,2.6,260.0,95,130,80,505,60,5,70,177,Medium Fast,Cubchoo,False,False,False,False,False,False,False,0.5,20,1.0,2.0,1.0,1.0,1.0,0.5,2.0,1.0,1.0,1.0,1.0,1.0,2.0,1.0,1.0,1.0,2.0,1.0
615,Cryogonal,Ice, ,1.1,148.0,80,50,50,515,25,5,70,180,Medium Fast, ,False,False,False,False,False,False,True,0.0,25,1.0,2.0,1.0,1.0,1.0,0.5,2.0,1.0,1.0,1.0,1.0,1.0,2.0,1.0,1.0,1.0,2.0,1.0
616,Shelmet,Bug, ,0.4,7.7,50,40,85,305,200,5,70,61,Medium Fast, ,False,False,False,False,False,False,False,0.5,15,1.0,2.0,1.0,1.0,0.5,1.0,0.5,1.0,0.5,2.0,1.0,1.0,2.0,1.0,1.0,1.0,1.0,1.0
617,Accelgor,Bug, ,0.8,25.3,80,70,40,495,75,5,70,173,Medium Fast,Shelmet,False,False,False,False,False,False,False,0.5,15,1.0,2.0,1.0,1.0,0.5,1.0,0.5,1.0,0.5,2.0,1.0,1.0,2.0,1.0,1.0,1.0,1.0,1.0
618,Galarian Stunfisk,Ground,Steel,0.7,20.5,109,81,99,471,75,8,70,165,Medium Fast, ,False,False,True,False,False,False,False,0.5,20,0.5,2.0,2.0,0.0,1.0,1.0,2.0,0.0,2.0,0.5,0.5,0.5,0.25,1.0,0.5,1.0,0.5,0.5
619,Mienfoo,Fighting, ,0.9,20.0,45,85,50,350,180,5,70,70,Medium Slow, ,False,False,False,False,False,False,False,0.5,25,1.0,1.0,1.0,1.0,1.0,1.0,1.0,1.0,1.0,2.0,2.0,0.5,0.5,1.0,1.0,0.5,1.0,2.0
620,Mienshao,Fighting, ,1.4,35.5,65,125,60,510,45,5,70,179,Medium Slow,Mienfoo,False,False,False,False,False,False,False,0.5,25,1.0,1.0,1.0,1.0,1.0,1.0,1.0,1.0,1.0,2.0,2.0,0.5,0.5,1.0,1.0,0.5,1.0,2.0
621,Druddigon,Dragon, ,1.6,139.0,77,120,90,485,45,5,70,170,Medium Fast, ,False,False,False,False,False,False,False,0.5,30,1.0,0.5,0.5,0.5,0.5,2.0,1.0,1.0,1.0,1.0,1.0,1.0,1.0,1.0,2.0,1.0,1.0,2.0
622,Golett,Ground,Ghost,1.0,92.0,59,74,50,303,190,5,70,61,Medium Fast, ,False,False,False,False,False,False,True,0.0,25,0.0,1.0,2.0,0.0,2.0,2.0,0.0,0.25,1.0,1.0,1.0,0.5,0.5,2.0,1.0,2.0,1.0,1.0
623,Golurk,Ground,Ghost,2.8,330.0,89,124,80,483,90,5,70,169,Medium Fast,Golett,False,False,False,False,False,False,True,0.0,25,0.0,1.0,2.0,0.0,2.0,2.0,0.0,0.25,1.0,1.0,1.0,0.5,0.5,2.0,1.0,2.0,1.0,1.0
624,Pawniard,Dark,Steel,0.5,10.2,45,85,70,340,120,5,35,68,Medium Fast, ,False,False,False,False,False,False,False,0.5,20,0.5,2.0,1.0,1.0,0.5,0.5,4.0,0.0,2.0,0.5,0.0,1.0,0.5,0.5,0.5,0.5,0.5,1.0
625,Bisharp,Dark,Steel,1.6,70.0,65,125,100,490,45,5,35,172,Medium Fast,Pawniard,False,False,False,False,False,False,False,0.5,20,0.5,2.0,1.0,1.0,0.5,0.5,4.0,0.0,2.0,0.5,0.0,1.0,0.5,0.5,0.5,0.5,0.5,1.0
626,Bouffalant,Normal, ,1.6,94.6,95,110,95,490,45,5,70,172,Medium Fast, ,False,False,False,False,False,False,False,0.5,20,1.0,1.0,1.0,1.0,1.0,1.0,2.0,1.0,1.0,1.0,1.0,1.0,1.0,0.0,1.0,1.0,1.0,1.0
627,Rufflet,Normal,Flying,0.5,10.5,70,83,50,350,190,5,70,70,Slow, ,False,False,False,False,False,False,False,0.0,20,1.0,1.0,1.0,2.0,0.5,2.0,1.0,1.0,0.0,1.0,1.0,0.5,2.0,0.0,1.0,1.0,1.0,1.0
628,Braviary,Normal,Flying,1.5,41.0,100,123,75,510,60,5,70,179,Slow,Rufflet,False,False,False,False,False,False,False,0.0,20,1.0,1.0,1.0,2.0,0.5,2.0,1.0,1.0,0.0,1.0,1.0,0.5,2.0,0.0,1.0,1.0,1.0,1.0
629,Vullaby,Dark,Flying,0.5,9.0,70,55,75,370,190,5,35,74,Slow, ,False,False,False,False,False,False,False,1.0,20,1.0,1.0,1.0,2.0,0.5,2.0,1.0,1.0,0.0,1.0,0.0,1.0,2.0,0.5,1.0,0.5,1.0,2.0
630,Mandibuzz,Dark,Flying,1.2,39.5,110,65,105,510,60,5,35,179,Slow,Vullaby,False,False,False,False,False,False,False,1.0,20,1.0,1.0,1.0,2.0,0.5,2.0,1.0,1.0,0.0,1.0,0.0,1.0,2.0,0.5,1.0,0.5,1.0,2.0
631,Heatmor,Fire, ,1.4,58.0,85,97,66,484,90,5,70,169,Medium Fast, ,False,False,False,False,False,False,False,0.5,20,1.0,0.5,2.0,1.0,0.5,0.5,1.0,1.0,2.0,1.0,1.0,0.5,2.0,1.0,1.0,1.0,0.5,0.5
632,Durant,Bug,Steel,0.3,33.0,58,109,112,484,90,5,70,169,Medium Fast, ,False,False,False,False,False,False,False,0.5,20,0.5,4.0,1.0,1.0,0.25,0.5,1.0,0.0,1.0,1.0,0.5,0.5,1.0,1.0,0.5,1.0,0.5,0.5
633,Deino,Dark,Dragon,0.8,17.3,52,65,50,300,45,5,35,60,Slow, ,False,False,False,False,False,False,False,0.5,40,1.0,0.5,0.5,0.5,0.5,2.0,2.0,1.0,1.0,1.0,0.0,2.0,1.0,0.5,2.0,0.5,1.0,4.0
634,Zweilous,Dark,Dragon,1.4,50.0,72,85,70,420,45,5,35,147,Slow,Deino,False,False,False,False,False,False,False,0.5,40,1.0,0.5,0.5,0.5,0.5,2.0,2.0,1.0,1.0,1.0,0.0,2.0,1.0,0.5,2.0,0.5,1.0,4.0
635,Hydreigon,Dark,Dragon,1.8,160.0,92,105,90,600,45,5,35,270,Slow,Zweilous,False,False,False,False,False,False,False,0.5,40,1.0,0.5,0.5,0.5,0.5,2.0,2.0,1.0,1.0,1.0,0.0,2.0,1.0,0.5,2.0,0.5,1.0,4.0
636,Larvesta,Bug,Fire,1.1,28.8,55,85,55,360,45,5,70,72,Slow, ,False,False,False,False,False,False,False,0.5,40,1.0,1.0,2.0,1.0,0.25,0.5,0.5,1.0,1.0,2.0,1.0,0.5,4.0,1.0,1.0,1.0,0.5,0.5
637,Volcarona,Bug,Fire,1.6,46.0,85,60,65,550,15,5,70,248,Slow,Larvesta,False,False,False,False,False,False,False,0.5,40,1.0,1.0,2.0,1.0,0.25,0.5,0.5,1.0,1.0,2.0,1.0,0.5,4.0,1.0,1.0,1.0,0.5,0.5
638,Cobalion,Steel,Fighting,2.1,250.0,91,90,129,580,3,5,35,261,Slow, ,False,False,False,False,True,False,True,0.0,80,0.5,2.0,1.0,1.0,0.5,0.5,2.0,0.0,2.0,1.0,1.0,0.25,0.25,1.0,0.5,0.5,0.5,1.0
639,Terrakion,Rock,Fighting,1.9,260.0,91,129,90,580,3,5,35,261,Slow, ,False,False,False,False,True,False,True,0.0,80,0.5,0.5,2.0,1.0,2.0,1.0,2.0,0.5,2.0,1.0,2.0,0.5,0.5,1.0,1.0,0.5,2.0,2.0
640,Virizion,Grass,Fighting,2.0,200.0,91,90,72,580,3,5,35,261,Slow, ,False,False,False,False,True,False,True,0.0,80,1.0,2.0,0.5,0.5,0.5,2.0,1.0,2.0,0.5,4.0,2.0,1.0,0.5,1.0,1.0,0.5,1.0,2.0
641,Tornadus Incarnate,Flying, ,1.5,63.0,79,115,70,580,3,5,90,261,Slow, ,False,False,False,True,True,False,False,0.0,120,1.0,1.0,1.0,2.0,0.5,2.0,0.5,1.0,0.0,1.0,1.0,0.5,2.0,1.0,1.0,1.0,1.0,1.0
642,Thundurus Incarnate,Electric,Flying,1.5,61.0,79,115,70,580,3,5,90,261,Slow, ,False,False,False,True,True,False,False,0.0,120,1.0,1.0,1.0,1.0,0.5,2.0,0.5,1.0,0.0,0.5,1.0,0.5,2.0,1.0,1.0,1.0,0.5,1.0
643,Reshiram,Dragon,Fire,3.2,330.0,100,120,100,680,3,5,0,306,Slow, ,False,False,False,False,True,False,True,0.0,120,1.0,0.25,1.0,0.5,0.25,1.0,1.0,1.0,2.0,1.0,1.0,0.5,2.0,1.0,2.0,1.0,0.5,1.0
644,Zekrom,Dragon,Electric,2.9,345.0,100,150,120,680,3,5,0,306,Slow, ,False,False,False,False,True,False,True,0.0,120,1.0,0.5,0.5,0.25,0.5,2.0,1.0,1.0,2.0,0.5,1.0,1.0,1.0,1.0,2.0,1.0,0.5,2.0
645,Landorus Incarnate,Ground,Flying,1.5,68.0,89,125,90,600,3,5,90,270,Slow, ,False,False,False,True,True,False,False,0.0,120,1.0,1.0,2.0,0.0,1.0,4.0,0.5,0.5,0.0,1.0,1.0,0.5,1.0,1.0,1.0,1.0,1.0,1.0
646,Black Kyurem,Dragon,Ice,3.3,325.0,125,170,100,700,3,5,0,315,Slow, ,False,False,False,True,True,False,True,0.0,120,1.0,1.0,0.5,0.5,0.5,1.0,2.0,1.0,1.0,1.0,1.0,1.0,2.0,1.0,2.0,1.0,2.0,2.0
647,Keldeo Ordinary,Water,Fighting,1.4,48.5,91,72,90,580,3,5,35,261,Slow, ,False,False,False,True,False,True,True,0.0,80,1.0,0.5,0.5,2.0,2.0,0.5,1.0,1.0,1.0,2.0,2.0,0.5,0.5,1.0,1.0,0.5,0.5,2.0
648,Meloetta Aria,Normal,Psychic,0.6,6.5,100,77,77,600,3,5,100,270,Slow, ,False,False,False,True,False,True,True,0.0,120,1.0,1.0,1.0,1.0,1.0,1.0,1.0,1.0,1.0,1.0,0.5,2.0,1.0,0.0,1.0,2.0,1.0,1.0
649,Genesect,Bug,Steel,1.5,82.5,71,120,95,600,3,5,0,270,Slow, ,False,False,False,True,False,True,True,0.0,120,0.5,4.0,1.0,1.0,0.25,0.5,1.0,0.0,1.0,1.0,0.5,0.5,1.0,1.0,0.5,1.0,0.5,0.5
650,Chespin,Grass, ,0.4,9.0,56,61,65,313,45,6,70,63,Medium Slow, ,False,False,False,False,False,False,False,0.125,20,1.0,2.0,0.5,0.5,0.5,2.0,1.0,2.0,0.5,2.0,1.0,2.0,1.0,1.0,1.0,1.0,1.0,1.0
651,Quilladin,Grass, ,0.7,29.0,61,78,95,405,45,6,70,142,Medium Slow,Chespin,False,False,False,False,False,False,False,0.125,20,1.0,2.0,0.5,0.5,0.5,2.0,1.0,2.0,0.5,2.0,1.0,2.0,1.0,1.0,1.0,1.0,1.0,1.0
652,Chesnaught,Grass,Fighting,1.6,90.0,88,107,122,530,45,6,70,239,Medium Slow,Quilladin,False,False,False,False,False,False,False,0.125,20,1.0,2.0,0.5,0.5,0.5,2.0,1.0,2.0,0.5,4.0,2.0,1.0,0.5,1.0,1.0,0.5,1.0,2.0
653,Fennekin,Fire, ,0.4,9.4,40,45,40,307,45,6,70,61,Medium Slow, ,False,False,False,False,False,False,False,0.125,20,1.0,0.5,2.0,1.0,0.5,0.5,1.0,1.0,2.0,1.0,1.0,0.5,2.0,1.0,1.0,1.0,0.5,0.5
654,Braixen,Fire, ,1.0,14.5,59,59,58,409,45,6,70,143,Medium Slow,Fennekin,False,False,False,False,False,False,False,0.125,20,1.0,0.5,2.0,1.0,0.5,0.5,1.0,1.0,2.0,1.0,1.0,0.5,2.0,1.0,1.0,1.0,0.5,0.5
655,Delphox,Fire,Psychic,1.5,39.0,75,69,72,534,45,6,70,240,Medium Slow,Braixen,False,False,False,False,False,False,False,0.125,20,1.0,0.5,2.0,1.0,0.5,0.5,0.5,1.0,2.0,1.0,0.5,1.0,2.0,2.0,1.0,2.0,0.5,0.5
656,Froakie,Water, ,0.3,7.0,41,56,40,314,45,6,70,63,Medium Slow, ,False,False,False,False,False,False,False,0.125,20,1.0,0.5,0.5,2.0,2.0,0.5,1.0,1.0,1.0,1.0,1.0,1.0,1.0,1.0,1.0,1.0,0.5,1.0
657,Frogadier,Water, ,0.6,10.9,54,63,52,405,45,6,70,142,Medium Slow,Froakie,False,False,False,False,False,False,False,0.125,20,1.0,0.5,0.5,2.0,2.0,0.5,1.0,1.0,1.0,1.0,1.0,1.0,1.0,1.0,1.0,1.0,0.5,1.0
658,Greninja,Water,Dark,1.5,40.0,72,95,67,530,45,6,70,239,Medium Slow,Frogadier,False,False,False,False,False,False,False,0.125,20,1.0,0.5,0.5,2.0,2.0,0.5,2.0,1.0,1.0,1.0,0.0,2.0,1.0,0.5,1.0,0.5,0.5,2.0
659,Bunnelby,Normal, ,0.4,5.0,38,36,38,237,255,6,70,47,Medium Fast, ,False,False,False,False,False,False,False,0.5,15,1.0,1.0,1.0,1.0,1.0,1.0,2.0,1.0,1.0,1.0,1.0,1.0,1.0,0.0,1.0,1.0,1.0,1.0
660,Diggersby,Normal,Ground,1.0,42.4,85,56,77,423,127,6,70,148,Medium Fast,Bunnelby,False,False,False,False,False,False,False,0.5,15,1.0,1.0,2.0,0.0,2.0,2.0,2.0,0.5,1.0,1.0,1.0,1.0,0.5,0.0,1.0,1.0,1.0,1.0
661,Fletchling,Normal,Flying,0.3,1.7,45,50,43,278,255,6,70,56,Medium Slow, ,False,False,False,False,False,False,False,0.5,15,1.0,1.0,1.0,2.0,0.5,2.0,1.0,1.0,0.0,1.0,1.0,0.5,2.0,0.0,1.0,1.0,1.0,1.0
662,Fletchinder,Fire,Flying,0.7,16.0,62,73,55,382,120,6,70,134,Medium Slow,Fletchling,False,False,False,False,False,False,False,0.5,15,1.0,0.5,2.0,2.0,0.25,1.0,0.5,1.0,0.0,1.0,1.0,0.25,4.0,1.0,1.0,1.0,0.5,0.5
663,Talonflame,Fire,Flying,1.2,24.5,78,81,71,499,45,6,70,175,Medium Slow,Fletchinder,False,False,False,False,False,False,False,0.5,15,1.0,0.5,2.0,2.0,0.25,1.0,0.5,1.0,0.0,1.0,1.0,0.25,4.0,1.0,1.0,1.0,0.5,0.5
664,Scatterbug,Bug, ,0.3,2.5,38,35,40,200,255,6,70,40,Medium Fast, ,False,False,False,False,False,False,False,0.5,15,1.0,2.0,1.0,1.0,0.5,1.0,0.5,1.0,0.5,2.0,1.0,1.0,2.0,1.0,1.0,1.0,1.0,1.0
665,Spewpa,Bug, ,0.3,8.4,45,22,60,213,120,6,70,75,Medium Fast,Scatterbug,False,False,False,False,False,False,False,0.5,15,1.0,2.0,1.0,1.0,0.5,1.0,0.5,1.0,0.5,2.0,1.0,1.0,2.0,1.0,1.0,1.0,1.0,1.0
666,Vivillon,Bug,Flying,1.2,17.0,80,52,50,411,45,6,70,185,Medium Fast,Spewpa,False,False,False,False,False,False,False,0.5,15,1.0,2.0,1.0,2.0,0.25,2.0,0.25,1.0,0.0,2.0,1.0,0.5,4.0,1.0,1.0,1.0,1.0,1.0
667,Litleo,Fire,Normal,0.6,13.5,62,50,58,369,220,6,70,74,Medium Slow, ,False,False,False,False,False,False,False,0.875,20,1.0,0.5,2.0,1.0,0.5,0.5,2.0,1.0,2.0,1.0,1.0,0.5,2.0,0.0,1.0,1.0,0.5,0.5
668,Pyroar,Fire,Normal,1.5,81.5,86,68,72,507,65,6,70,177,Medium Slow,Litleo,False,False,False,False,False,False,False,0.875,20,1.0,0.5,2.0,1.0,0.5,0.5,2.0,1.0,2.0,1.0,1.0,0.5,2.0,0.0,1.0,1.0,0.5,0.5
669,Flabebe,Fairy, ,0.1,0.1,44,38,39,303,225,6,70,61,Medium Fast, ,False,False,False,False,False,False,False,1.0,20,1.0,1.0,1.0,1.0,1.0,1.0,0.5,2.0,1.0,1.0,1.0,0.5,1.0,1.0,0.0,0.5,2.0,1.0
670,Floette,Fairy, ,0.2,0.9,54,45,47,371,120,6,70,130,Medium Fast,Flabebe,False,False,False,False,False,False,False,1.0,20,1.0,1.0,1.0,1.0,1.0,1.0,0.5,2.0,1.0,1.0,1.0,0.5,1.0,1.0,0.0,0.5,2.0,1.0
671,Florges,Fairy, ,1.1,10.0,78,65,68,552,45,6,70,248,Medium Fast,Floette,False,False,False,False,False,False,False,1.0,20,1.0,1.0,1.0,1.0,1.0,1.0,0.5,2.0,1.0,1.0,1.0,0.5,1.0,1.0,0.0,0.5,2.0,1.0
672,Skiddo,Grass, ,0.9,31.0,66,65,48,350,200,6,70,70,Medium Fast, ,False,False,False,False,False,False,False,0.5,20,1.0,2.0,0.5,0.5,0.5,2.0,1.0,2.0,0.5,2.0,1.0,2.0,1.0,1.0,1.0,1.0,1.0,1.0
673,Gogoat,Grass, ,1.7,91.0,123,100,62,531,45,6,70,186,Medium Fast,Skiddo,False,False,False,False,False,False,False,0.5,20,1.0,2.0,0.5,0.5,0.5,2.0,1.0,2.0,0.5,2.0,1.0,2.0,1.0,1.0,1.0,1.0,1.0,1.0
674,Pancham,Fighting, ,0.6,8.0,67,82,62,348,220,6,70,70,Medium Fast, ,False,False,False,False,False,False,False,0.5,25,1.0,1.0,1.0,1.0,1.0,1.0,1.0,1.0,1.0,2.0,2.0,0.5,0.5,1.0,1.0,0.5,1.0,2.0
675,Pangoro,Fighting,Dark,2.1,136.0,95,124,78,495,65,6,70,173,Medium Fast,Pancham,False,False,False,False,False,False,False,0.5,25,1.0,1.0,1.0,1.0,1.0,1.0,2.0,1.0,1.0,2.0,0.0,1.0,0.5,0.5,1.0,0.25,1.0,4.0
676,Furfrou,Normal, ,1.2,28.0,75,80,60,472,160,6,70,165,Medium Fast, ,False,False,False,True,False,False,False,0.5,20,1.0,1.0,1.0,1.0,1.0,1.0,2.0,1.0,1.0,1.0,1.0,1.0,1.0,0.0,1.0,1.0,1.0,1.0
677,Espurr,Psychic, ,0.3,3.5,62,48,54,355,190,6,70,71,Medium Fast, ,False,False,False,False,False,False,False,0.5,20,1.0,1.0,1.0,1.0,1.0,1.0,0.5,1.0,1.0,1.0,0.5,2.0,1.0,2.0,1.0,2.0,1.0,1.0
678,Meowstic Female,Psychic, ,0.6,8.5,74,48,76,466,75,5,70,163,Medium Fast,Espurr,False,False,False,False,False,False,False,0.5,20,1.0,1.0,1.0,1.0,1.0,1.0,0.5,1.0,1.0,1.0,0.5,2.0,1.0,2.0,1.0,2.0,1.0,1.0
679,Honedge,Steel,Ghost,0.8,2.0,45,80,100,325,180,6,70,65,Medium Fast, ,False,False,False,False,False,False,False,0.5,20,0.0,2.0,1.0,1.0,0.5,0.5,0.0,0.0,2.0,0.5,0.5,0.25,0.5,2.0,0.5,2.0,0.5,0.5
680,Doublade,Steel,Ghost,0.8,4.5,59,110,150,448,90,6,70,157,Medium Fast,Honedge,False,False,False,False,False,False,False,0.5,20,0.0,2.0,1.0,1.0,0.5,0.5,0.0,0.0,2.0,0.5,0.5,0.25,0.5,2.0,0.5,2.0,0.5,0.5
681,Aegislash Blade Form,Steel,Ghost,1.7,53.0,50,140,70,530,45,6,70,234,Medium Fast,Doublade,False,False,False,True,False,False,False,0.5,20,0.0,2.0,1.0,1.0,0.5,0.5,0.0,0.0,2.0,0.5,0.5,0.25,0.5,2.0,0.5,2.0,0.5,0.5
682,Spritzee,Fairy, ,0.2,0.5,78,52,60,341,200,6,70,68,Medium Fast, ,False,False,False,False,False,False,False,0.5,20,1.0,1.0,1.0,1.0,1.0,1.0,0.5,2.0,1.0,1.0,1.0,0.5,1.0,1.0,0.0,0.5,2.0,1.0
683,Aromatisse,Fairy, ,0.8,15.5,101,72,72,462,140,6,70,162,Medium Fast,Spritzee,False,False,False,False,False,False,False,0.5,20,1.0,1.0,1.0,1.0,1.0,1.0,0.5,2.0,1.0,1.0,1.0,0.5,1.0,1.0,0.0,0.5,2.0,1.0
684,Swirlix,Fairy, ,0.4,3.5,62,48,66,341,200,6,70,68,Medium Fast, ,False,False,False,False,False,False,False,0.5,20,1.0,1.0,1.0,1.0,1.0,1.0,0.5,2.0,1.0,1.0,1.0,0.5,1.0,1.0,0.0,0.5,2.0,1.0
685,Slurpuff,Fairy, ,0.8,5.0,82,80,86,480,140,6,70,168,Medium Fast,Swirlix,False,False,False,False,False,False,False,0.5,20,1.0,1.0,1.0,1.0,1.0,1.0,0.5,2.0,1.0,1.0,1.0,0.5,1.0,1.0,0.0,0.5,2.0,1.0
686,Inkay,Dark,Psychic,0.4,3.5,53,54,53,288,190,6,70,58,Medium Fast, ,False,False,False,False,False,False,False,0.5,20,1.0,1.0,1.0,1.0,1.0,1.0,1.0,1.0,1.0,1.0,0.0,4.0,1.0,1.0,1.0,1.0,1.0,2.0
687,Malamar,Dark,Psychic,1.5,47.0,86,92,88,482,80,6,70,169,Medium Fast,Inkay,False,False,False,False,False,False,False,0.5,20,1.0,1.0,1.0,1.0,1.0,1.0,1.0,1.0,1.0,1.0,0.0,4.0,1.0,1.0,1.0,1.0,1.0,2.0
688,Binacle,Rock,Water,0.5,31.0,42,52,67,306,120,6,70,61,Medium Fast, ,False,False,False,False,False,False,False,0.5,20,0.5,0.25,1.0,2.0,4.0,0.5,2.0,0.5,2.0,0.5,1.0,1.0,1.0,1.0,1.0,1.0,1.0,1.0
689,Barbaracle,Rock,Water,1.3,96.0,72,105,115,500,45,6,70,175,Medium Fast,Binacle,False,False,False,False,False,False,False,0.5,20,0.5,0.25,1.0,2.0,4.0,0.5,2.0,0.5,2.0,0.5,1.0,1.0,1.0,1.0,1.0,1.0,1.0,1.0
690,Skrelp,Poison,Water,0.5,7.3,50,60,60,320,225,6,70,64,Medium Fast, ,False,False,False,False,False,False,False,0.5,20,1.0,0.5,0.5,2.0,1.0,0.5,0.5,0.5,2.0,1.0,2.0,0.5,1.0,1.0,1.0,1.0,0.5,0.5
691,Dragalge,Poison,Dragon,1.8,81.5,65,75,90,494,55,6,70,173,Medium Fast,Skrelp,False,False,False,False,False,False,False,0.5,20,1.0,0.5,0.5,0.5,0.25,2.0,0.5,0.5,2.0,1.0,2.0,0.5,1.0,1.0,2.0,1.0,1.0,1.0
692,Clauncher,Water, ,0.5,8.3,50,53,62,330,225,6,70,66,Slow, ,False,False,False,False,False,False,False,0.5,15,1.0,0.5,0.5,2.0,2.0,0.5,1.0,1.0,1.0,1.0,1.0,1.0,1.0,1.0,1.0,1.0,0.5,1.0
693,Clawitzer,Water, ,1.3,35.3,71,73,88,500,55,6,70,100,Slow,Clauncher,False,False,False,False,False,False,False,0.5,15,1.0,0.5,0.5,2.0,2.0,0.5,1.0,1.0,1.0,1.0,1.0,1.0,1.0,1.0,1.0,1.0,0.5,1.0
694,Helioptile,Electric,Normal,0.5,6.0,44,38,33,289,190,6,70,58,Medium Fast, ,False,False,False,False,False,False,False,0.5,20,1.0,1.0,1.0,0.5,1.0,1.0,2.0,1.0,2.0,0.5,1.0,1.0,1.0,0.0,1.0,1.0,0.5,1.0
695,Heliolisk,Electric,Normal,1.0,21.0,62,55,52,481,75,6,70,168,Medium Fast,Helioptile,False,False,False,False,False,False,False,0.5,20,1.0,1.0,1.0,0.5,1.0,1.0,2.0,1.0,2.0,0.5,1.0,1.0,1.0,0.0,1.0,1.0,0.5,1.0
696,Tyrunt,Rock,Dragon,0.8,26.0,58,89,77,362,45,6,70,72,Medium Fast, ,False,False,False,False,False,False,False,0.125,30,0.5,0.25,1.0,0.5,1.0,2.0,2.0,0.5,2.0,0.5,1.0,1.0,1.0,1.0,2.0,1.0,2.0,2.0
697,Tyrantrum,Rock,Dragon,2.5,270.0,82,121,119,521,45,6,70,182,Medium Fast,Tyrunt,False,False,False,False,False,False,False,0.125,30,0.5,0.25,1.0,0.5,1.0,2.0,2.0,0.5,2.0,0.5,1.0,1.0,1.0,1.0,2.0,1.0,2.0,2.0
698,Amaura,Rock,Ice,1.3,25.2,77,59,50,362,45,6,70,72,Medium Fast, ,False,False,False,False,False,False,False,0.125,30,0.5,1.0,2.0,1.0,2.0,0.5,4.0,0.5,2.0,0.5,1.0,1.0,2.0,1.0,1.0,1.0,4.0,1.0
699,Aurorus,Rock,Ice,2.7,225.0,123,77,72,521,45,6,70,104,Medium Fast,Amaura,False,False,False,False,False,False,False,0.125,30,0.5,1.0,2.0,1.0,2.0,0.5,4.0,0.5,2.0,0.5,1.0,1.0,2.0,1.0,1.0,1.0,4.0,1.0
700,Sylveon,Fairy, ,1.0,23.5,95,65,65,525,45,6,70,184,Medium Fast,Eevee,False,False,False,False,False,False,False,0.125,35,1.0,1.0,1.0,1.0,1.0,1.0,0.5,2.0,1.0,1.0,1.0,0.5,1.0,1.0,0.0,0.5,2.0,1.0
701,Hawlucha,Fighting,Flying,0.8,21.5,78,92,75,500,100,6,70,175,Medium Fast, ,False,False,False,False,False,False,False,0.5,20,1.0,1.0,1.0,2.0,0.5,2.0,0.5,1.0,0.0,2.0,2.0,0.25,1.0,1.0,1.0,0.5,1.0,2.0
702,Dedenne,Electric,Fairy,0.2,2.2,67,58,57,431,180,6,70,151,Medium Fast, ,False,False,False,False,False,False,False,0.5,20,1.0,1.0,1.0,0.5,1.0,1.0,0.5,2.0,2.0,0.5,1.0,0.5,1.0,1.0,0.0,0.5,1.0,1.0
703,Carbink,Rock,Fairy,0.3,5.7,50,50,150,500,60,6,70,100,Slow, ,False,False,False,False,False,False,True,0.0,25,0.5,0.5,2.0,1.0,2.0,1.0,1.0,1.0,2.0,0.5,1.0,0.5,1.0,1.0,0.0,0.5,4.0,1.0
704,Goomy,Dragon, ,0.3,2.8,45,50,35,300,45,6,35,60,Slow, ,False,False,False,False,False,False,False,0.5,40,1.0,0.5,0.5,0.5,0.5,2.0,1.0,1.0,1.0,1.0,1.0,1.0,1.0,1.0,2.0,1.0,1.0,2.0
705,Sliggoo,Dragon, ,0.8,17.5,68,75,53,452,45,6,35,158,Slow,Goomy,False,False,False,False,False,False,False,0.5,40,1.0,0.5,0.5,0.5,0.5,2.0,1.0,1.0,1.0,1.0,1.0,1.0,1.0,1.0,2.0,1.0,1.0,2.0
706,Goodra,Dragon, ,2.0,150.5,90,100,70,600,45,6,35,270,Slow,Sliggoo,False,False,False,False,False,False,False,0.5,40,1.0,0.5,0.5,0.5,0.5,2.0,1.0,1.0,1.0,1.0,1.0,1.0,1.0,1.0,2.0,1.0,1.0,2.0
707,Klefki,Steel,Fairy,0.2,3.0,57,80,91,470,75,6,70,165,Fast, ,False,False,False,False,False,False,False,0.5,20,0.5,2.0,1.0,1.0,0.5,0.5,1.0,0.0,2.0,0.5,0.5,0.25,0.5,1.0,0.0,0.5,1.0,0.5
708,Phantump,Ghost,Grass,0.4,7.0,43,70,48,309,120,6,70,62,Medium Fast, ,False,False,False,False,False,False,False,0.5,20,0.0,2.0,0.5,0.5,0.5,2.0,0.0,1.0,0.5,2.0,1.0,1.0,1.0,2.0,1.0,2.0,1.0,1.0
709,Trevenant,Ghost,Grass,1.5,71.0,85,110,76,474,60,6,70,166,Medium Fast,Phantump,False,False,False,False,False,False,False,0.5,20,0.0,2.0,0.5,0.5,0.5,2.0,0.0,1.0,0.5,2.0,1.0,1.0,1.0,2.0,1.0,2.0,1.0,1.0
710,Average Size Pumpkaboo,Ghost,Grass,0.4,5.0,49,66,70,335,120,6,70,67,Medium Fast, ,False,False,False,False,False,False,False,0.5,20,0.0,2.0,0.5,0.5,0.5,2.0,0.0,1.0,0.5,2.0,1.0,1.0,1.0,2.0,1.0,2.0,1.0,1.0
711,Average Size Gourgeist,Ghost,Grass,0.9,12.5,65,90,122,494,60,6,70,173,Medium Fast,Pumpkaboo,False,False,False,False,False,False,False,0.5,20,0.0,2.0,0.5,0.5,0.5,2.0,0.0,1.0,0.5,2.0,1.0,1.0,1.0,2.0,1.0,2.0,1.0,1.0
712,Bergmite,Ice, ,1.0,99.5,55,69,85,304,190,6,70,61,Medium Fast, ,False,False,False,False,False,False,False,0.5,20,1.0,2.0,1.0,1.0,1.0,0.5,2.0,1.0,1.0,1.0,1.0,1.0,2.0,1.0,1.0,1.0,2.0,1.0
713,Avalugg,Ice, ,2.0,505.0,95,117,184,514,55,6,70,180,Medium Fast,Bergmite,False,False,False,False,False,False,False,0.5,20,1.0,2.0,1.0,1.0,1.0,0.5,2.0,1.0,1.0,1.0,1.0,1.0,2.0,1.0,1.0,1.0,2.0,1.0
714,Noibat,Flying,Dragon,0.5,8.0,40,30,35,245,190,6,70,49,Medium Fast, ,False,False,False,False,False,False,False,0.5,20,1.0,0.5,0.5,1.0,0.25,4.0,0.5,1.0,0.0,1.0,1.0,0.5,2.0,1.0,2.0,1.0,1.0,2.0
715,Noivern,Flying,Dragon,1.5,85.0,85,70,80,535,45,6,70,187,Medium Fast,Noibat,False,False,False,False,False,False,False,0.5,20,1.0,0.5,0.5,1.0,0.25,4.0,0.5,1.0,0.0,1.0,1.0,0.5,2.0,1.0,2.0,1.0,1.0,2.0
716,Xerneas,Fairy, ,3.0,215.0,126,131,95,680,45,6,0,306,Slow, ,False,False,False,True,True,False,True,0.0,120,1.0,1.0,1.0,1.0,1.0,1.0,0.5,2.0,1.0,1.0,1.0,0.5,1.0,1.0,0.0,0.5,2.0,1.0
717,Yveltal,Dark,Flying,5.8,203.0,126,131,95,680,45,6,0,306,Slow, ,False,False,False,False,True,False,True,0.0,120,1.0,1.0,1.0,2.0,0.5,2.0,1.0,1.0,0.0,1.0,0.0,1.0,2.0,0.5,1.0,0.5,1.0,2.0
718,Zygarde,Dragon,Ground,5.0,305.0,108,100,121,600,3,6,0,270,Slow, ,False,False,False,False,True,False,True,0.0,120,1.0,0.5,1.0,0.0,1.0,4.0,1.0,0.5,1.0,1.0,1.0,1.0,0.5,1.0,2.0,1.0,1.0,2.0
719,Diancie,Rock,Fairy,0.7,8.8,50,100,150,600,3,6,70,270,Slow, ,False,False,False,True,False,True,True,0.0,25,0.5,0.5,2.0,1.0,2.0,1.0,1.0,1.0,2.0,0.5,1.0,0.5,1.0,1.0,0.0,0.5,4.0,1.0
720,Hoopa,Psychic,Ghost,0.5,9.0,80,110,60,600,3,6,100,270,Slow, ,False,False,False,False,False,True,True,0.0,120,0.0,1.0,1.0,1.0,1.0,1.0,0.0,0.5,1.0,1.0,0.5,1.0,1.0,4.0,1.0,4.0,1.0,1.0
721,Volcanion,Fire,Water,1.7,195.0,80,110,120,600,3,6,100,270,Slow, ,False,False,False,False,False,True,True,0.0,120,1.0,0.25,1.0,2.0,1.0,0.25,1.0,1.0,2.0,1.0,1.0,0.5,2.0,1.0,1.0,1.0,0.25,0.5
722,Rowlet,Grass,Flying,0.3,1.5,68,55,55,320,45,7,70,64,Medium Slow, ,False,False,False,False,False,False,False,0.125,15,1.0,2.0,0.5,1.0,0.25,4.0,0.5,2.0,0.0,2.0,1.0,1.0,2.0,1.0,1.0,1.0,1.0,1.0
723,Dartrix,Grass,Flying,0.7,16.0,78,75,75,420,45,7,70,147,Medium Slow,Rowlet,False,False,False,False,False,False,False,0.125,15,1.0,2.0,0.5,1.0,0.25,4.0,0.5,2.0,0.0,2.0,1.0,1.0,2.0,1.0,1.0,1.0,1.0,1.0
724,Decidueye,Grass,Ghost,1.6,36.6,78,107,75,530,45,7,70,239,Medium Slow,Dartrix,False,False,False,False,False,False,False,0.125,15,0.0,2.0,0.5,0.5,0.5,2.0,0.0,1.0,0.5,2.0,1.0,1.0,1.0,2.0,1.0,2.0,1.0,1.0
725,Litten,Fire, ,0.4,4.3,45,65,40,320,45,7,70,64,Medium Slow, ,False,False,False,False,False,False,False,0.125,15,1.0,0.5,2.0,1.0,0.5,0.5,1.0,1.0,2.0,1.0,1.0,0.5,2.0,1.0,1.0,1.0,0.5,0.5
726,Torracat,Fire, ,0.7,25.0,65,85,50,420,45,7,70,147,Medium Slow,Litten,False,False,False,False,False,False,False,0.125,15,1.0,0.5,2.0,1.0,0.5,0.5,1.0,1.0,2.0,1.0,1.0,0.5,2.0,1.0,1.0,1.0,0.5,0.5
727,Incineroar,Fire,Dark,1.8,83.0,95,115,90,530,45,7,70,239,Medium Slow,Torracat,False,False,False,False,False,False,False,0.125,15,1.0,0.5,2.0,1.0,0.5,0.5,2.0,1.0,2.0,1.0,0.0,1.0,2.0,0.5,1.0,0.5,0.5,1.0
728,Popplio,Water, ,0.4,7.5,50,54,54,320,45,7,70,64,Medium Slow, ,False,False,False,False,False,False,False,0.125,15,1.0,0.5,0.5,2.0,2.0,0.5,1.0,1.0,1.0,1.0,1.0,1.0,1.0,1.0,1.0,1.0,0.5,1.0
729,Brionne,Water, ,0.6,17.5,60,69,69,420,45,7,70,147,Medium Slow,Popplio,False,False,False,False,False,False,False,0.125,15,1.0,0.5,0.5,2.0,2.0,0.5,1.0,1.0,1.0,1.0,1.0,1.0,1.0,1.0,1.0,1.0,0.5,1.0
730,Primarina,Water,Fairy,1.8,44.0,80,74,74,530,45,7,70,239,Medium Slow,Brionne,False,False,False,False,False,False,False,0.125,15,1.0,0.5,0.5,2.0,2.0,0.5,0.5,2.0,1.0,1.0,1.0,0.5,1.0,1.0,0.0,0.5,1.0,1.0
731,Pikipek,Normal,Flying,0.3,1.2,35,75,30,265,255,7,70,53,Medium Fast, ,False,False,False,False,False,False,False,0.5,15,1.0,1.0,1.0,2.0,0.5,2.0,1.0,1.0,0.0,1.0,1.0,0.5,2.0,0.0,1.0,1.0,1.0,1.0
732,Trumbeak,Normal,Flying,0.6,14.8,55,85,50,355,120,7,70,124,Medium Fast,Pikipek,False,False,False,False,False,False,False,0.5,15,1.0,1.0,1.0,2.0,0.5,2.0,1.0,1.0,0.0,1.0,1.0,0.5,2.0,0.0,1.0,1.0,1.0,1.0
733,Toucannon,Normal,Flying,1.1,26.0,80,120,75,485,45,7,70,218,Medium Fast,Trumbeak,False,False,False,False,False,False,False,0.5,15,1.0,1.0,1.0,2.0,0.5,2.0,1.0,1.0,0.0,1.0,1.0,0.5,2.0,0.0,1.0,1.0,1.0,1.0
734,Yungoos,Normal, ,0.4,6.0,48,70,30,253,255,7,70,51,Medium Fast, ,False,False,False,False,False,False,False,0.5,15,1.0,1.0,1.0,1.0,1.0,1.0,2.0,1.0,1.0,1.0,1.0,1.0,1.0,0.0,1.0,1.0,1.0,1.0
735,Gumshoos,Normal, ,0.7,14.2,88,110,60,418,127,7,70,146,Medium Fast,Yungoos,False,False,False,False,False,False,False,0.5,15,1.0,1.0,1.0,1.0,1.0,1.0,2.0,1.0,1.0,1.0,1.0,1.0,1.0,0.0,1.0,1.0,1.0,1.0
736,Grubbin,Bug, ,0.4,4.4,47,62,45,300,255,7,70,60,Medium Fast, ,False,False,False,False,False,False,False,0.5,15,1.0,2.0,1.0,1.0,0.5,1.0,0.5,1.0,0.5,2.0,1.0,1.0,2.0,1.0,1.0,1.0,1.0,1.0
737,Charjabug,Bug,Electric,0.5,10.5,57,82,95,400,120,7,70,140,Medium Fast,Grubbin,False,False,False,False,False,False,False,0.5,15,1.0,2.0,1.0,0.5,0.5,1.0,0.5,1.0,1.0,1.0,1.0,1.0,2.0,1.0,1.0,1.0,0.5,1.0
738,Vikavolt,Bug,Electric,1.5,45.0,77,70,90,500,45,7,70,225,Medium Fast,Charjabug,False,False,False,False,False,False,False,0.5,15,1.0,2.0,1.0,0.5,0.5,1.0,0.5,1.0,1.0,1.0,1.0,1.0,2.0,1.0,1.0,1.0,0.5,1.0
739,Crabrawler,Fighting, ,0.6,7.0,47,82,57,338,225,7,70,68,Medium Fast, ,False,False,False,False,False,False,False,0.5,20,1.0,1.0,1.0,1.0,1.0,1.0,1.0,1.0,1.0,2.0,2.0,0.5,0.5,1.0,1.0,0.5,1.0,2.0
740,Crabominable,Fighting,Ice,1.7,180.0,97,132,77,478,60,7,70,167,Medium Fast,Crabrawler,False,False,False,False,False,False,False,0.5,20,1.0,2.0,1.0,1.0,1.0,0.5,2.0,1.0,1.0,2.0,2.0,0.5,1.0,1.0,1.0,0.5,2.0,2.0
741,Oricorio Baile Style,Fire,Flying,0.6,3.4,75,70,70,476,45,7,70,167,Medium Fast, ,False,False,False,False,False,False,False,0.75,20,1.0,0.5,2.0,2.0,0.25,1.0,0.5,1.0,0.0,1.0,1.0,0.25,4.0,1.0,1.0,1.0,0.5,0.5
742,Cutiefly,Bug,Fairy,0.1,0.2,40,45,40,304,190,7,70,61,Medium Fast, ,False,False,False,False,False,False,False,0.5,20,1.0,2.0,1.0,1.0,0.5,1.0,0.25,2.0,0.5,2.0,1.0,0.5,2.0,1.0,0.0,0.5,2.0,1.0
743,Ribombee,Bug,Fairy,0.2,0.5,60,55,60,464,75,7,70,162,Medium Fast,Cutiefly,False,False,False,False,False,False,False,0.5,20,1.0,2.0,1.0,1.0,0.5,1.0,0.25,2.0,0.5,2.0,1.0,0.5,2.0,1.0,0.0,0.5,2.0,1.0
744,Rockruff,Rock, ,0.5,9.2,45,65,40,280,190,7,70,56,Medium Fast, ,False,False,False,False,False,False,False,0.5,15,0.5,0.5,2.0,1.0,2.0,1.0,2.0,0.5,2.0,0.5,1.0,1.0,1.0,1.0,1.0,1.0,2.0,1.0
745,Lycanroc Dusk,Rock, ,0.8,25.0,75,117,65,487,90,7,70,170,Medium Fast,Rockruff,False,False,False,False,False,False,False,0.5,15,0.5,0.5,2.0,1.0,2.0,1.0,2.0,0.5,2.0,0.5,1.0,1.0,1.0,1.0,1.0,1.0,2.0,1.0
746,Wishiwashi School,Water, ,8.2,78.6,45,140,130,620,60,7,70,217,Fast, ,False,False,False,False,False,False,False,0.5,15,1.0,0.5,0.5,2.0,2.0,0.5,1.0,1.0,1.0,1.0,1.0,1.0,1.0,1.0,1.0,1.0,0.5,1.0
747,Mareanie,Poison,Water,0.4,8.0,50,53,62,305,190,7,70,61,Medium Fast, ,False,False,False,False,False,False,False,0.5,20,1.0,0.5,0.5,2.0,1.0,0.5,0.5,0.5,2.0,1.0,2.0,0.5,1.0,1.0,1.0,1.0,0.5,0.5
748,Toxapex,Poison,Water,0.7,14.5,50,63,152,495,75,7,70,173,Medium Fast,Mareanie,False,False,False,False,False,False,False,0.5,20,1.0,0.5,0.5,2.0,1.0,0.5,0.5,0.5,2.0,1.0,2.0,0.5,1.0,1.0,1.0,1.0,0.5,0.5
749,Mudbray,Ground, ,1.0,110.0,70,100,70,385,190,7,70,77,Medium Fast, ,False,False,False,False,False,False,False,0.5,20,1.0,1.0,2.0,0.0,2.0,2.0,1.0,0.5,1.0,1.0,1.0,1.0,0.5,1.0,1.0,1.0,1.0,1.0
750,Mudsdale,Ground, ,2.5,920.0,100,125,100,500,60,7,70,175,Medium Fast,Mudbray,False,False,False,False,False,False,False,0.5,20,1.0,1.0,2.0,0.0,2.0,2.0,1.0,0.5,1.0,1.0,1.0,1.0,0.5,1.0,1.0,1.0,1.0,1.0
751,Dewpider,Water,Bug,0.3,4.0,38,40,52,269,200,7,70,54,Medium Fast, ,False,False,False,False,False,False,False,0.5,15,1.0,1.0,0.5,2.0,1.0,0.5,0.5,1.0,0.5,2.0,1.0,1.0,2.0,1.0,1.0,1.0,0.5,1.0
752,Araquanid,Water,Bug,1.8,82.0,68,70,92,454,100,7,70,159,Medium Fast,Dewpider,False,False,False,False,False,False,False,0.5,15,1.0,1.0,0.5,2.0,1.0,0.5,0.5,1.0,0.5,2.0,1.0,1.0,2.0,1.0,1.0,1.0,0.5,1.0
753,Fomantis,Grass, ,0.3,1.5,40,55,35,250,190,7,70,50,Medium Fast, ,False,False,False,False,False,False,False,0.5,20,1.0,2.0,0.5,0.5,0.5,2.0,1.0,2.0,0.5,2.0,1.0,2.0,1.0,1.0,1.0,1.0,1.0,1.0
754,Lurantis,Grass, ,0.9,18.5,70,105,90,480,75,7,70,168,Medium Fast,Fomantis,False,False,False,False,False,False,False,0.5,20,1.0,2.0,0.5,0.5,0.5,2.0,1.0,2.0,0.5,2.0,1.0,2.0,1.0,1.0,1.0,1.0,1.0,1.0
755,Morelull,Grass,Fairy,58.0,1.5,40,35,55,285,190,7,70,57,Medium Fast, ,False,False,False,False,False,False,False,0.5,20,1.0,2.0,0.5,0.5,0.5,2.0,0.5,4.0,0.5,2.0,1.0,1.0,1.0,1.0,0.0,0.5,2.0,1.0
756,Shiinotic,Grass,Fairy,1.0,11.5,60,45,80,405,75,7,70,142,Medium Fast,Morelull,False,False,False,False,False,False,False,0.5,20,1.0,2.0,0.5,0.5,0.5,2.0,0.5,4.0,0.5,2.0,1.0,1.0,1.0,1.0,0.0,0.5,2.0,1.0
757,Salandit,Poison,Fire,0.6,4.8,48,44,40,320,120,7,70,64,Medium Fast, ,False,False,False,False,False,False,False,0.125,20,1.0,0.5,2.0,1.0,0.25,0.5,0.5,0.5,4.0,1.0,2.0,0.25,2.0,1.0,1.0,1.0,0.5,0.25
758,Salazzle,Poison,Fire,1.2,22.2,68,64,60,480,45,7,70,168,Medium Fast,Salandit,False,False,False,False,False,False,False,1.0,20,1.0,0.5,2.0,1.0,0.25,0.5,0.5,0.5,4.0,1.0,2.0,0.25,2.0,1.0,1.0,1.0,0.5,0.25
759,Stufful,Normal,Fighting,0.5,6.8,70,75,50,340,140,7,70,68,Medium Fast, ,False,False,False,False,False,False,False,0.5,15,1.0,1.0,1.0,1.0,1.0,1.0,2.0,1.0,1.0,2.0,2.0,0.5,0.5,0.0,1.0,0.5,1.0,2.0
760,Bewear,Normal,Fighting,2.1,135.0,120,125,80,500,70,7,70,175,Medium Fast,Stufful,False,False,False,False,False,False,False,0.5,15,1.0,1.0,1.0,1.0,1.0,1.0,2.0,1.0,1.0,2.0,2.0,0.5,0.5,0.0,1.0,0.5,1.0,2.0
761,Bounsweet,Grass, ,0.3,3.2,42,30,38,210,235,7,70,42,Medium Slow, ,False,False,False,False,False,False,False,1.0,20,1.0,2.0,0.5,0.5,0.5,2.0,1.0,2.0,0.5,2.0,1.0,2.0,1.0,1.0,1.0,1.0,1.0,1.0
762,Steenee,Grass, ,0.7,8.2,52,40,48,290,120,7,70,102,Medium Slow,Bounsweet,False,False,False,False,False,False,False,1.0,20,1.0,2.0,0.5,0.5,0.5,2.0,1.0,2.0,0.5,2.0,1.0,2.0,1.0,1.0,1.0,1.0,1.0,1.0
763,Tsareena,Grass, ,1.2,21.4,72,120,98,510,45,7,70,230,Medium Slow,Steenee,False,False,False,False,False,False,False,1.0,20,1.0,2.0,0.5,0.5,0.5,2.0,1.0,2.0,0.5,2.0,1.0,2.0,1.0,1.0,1.0,1.0,1.0,1.0
764,Comfey,Fairy, ,0.1,0.3,51,52,90,485,60,7,70,170,Fast, ,False,False,False,False,False,False,False,0.75,20,1.0,1.0,1.0,1.0,1.0,1.0,0.5,2.0,1.0,1.0,1.0,0.5,1.0,1.0,0.0,0.5,2.0,1.0
765,Oranguru,Normal,Psychic,1.5,76.0,90,60,80,490,45,7,70,172,Slow, ,False,False,False,False,False,False,False,0.5,20,1.0,1.0,1.0,1.0,1.0,1.0,1.0,1.0,1.0,1.0,0.5,2.0,1.0,0.0,1.0,2.0,1.0,1.0
766,Passimian,Fighting, ,2.0,82.8,100,120,90,490,45,7,70,172,Slow, ,False,False,False,False,False,False,False,0.5,20,1.0,1.0,1.0,1.0,1.0,1.0,1.0,1.0,1.0,2.0,2.0,0.5,0.5,1.0,1.0,0.5,1.0,2.0
767,Wimpod,Bug,Water,0.5,12.0,25,35,40,230,90,7,70,46,Medium Fast, ,False,False,False,False,False,False,False,0.5,20,1.0,1.0,0.5,2.0,1.0,0.5,0.5,1.0,0.5,2.0,1.0,1.0,2.0,1.0,1.0,1.0,0.5,1.0
768,Golisopod,Bug,Water,2.0,108.0,75,125,140,530,45,7,70,186,Medium Fast,Wimpod,False,False,False,False,False,False,False,0.5,20,1.0,1.0,0.5,2.0,1.0,0.5,0.5,1.0,0.5,2.0,1.0,1.0,2.0,1.0,1.0,1.0,0.5,1.0
769,Sandygast,Ghost,Ground,0.5,70.0,55,55,80,320,140,7,70,64,Medium Fast, ,False,False,False,False,False,False,False,0.5,15,0.0,1.0,2.0,0.0,2.0,2.0,0.0,0.25,1.0,1.0,1.0,0.5,0.5,2.0,1.0,2.0,1.0,1.0
770,Palossand,Ghost,Ground,1.3,250.0,85,75,110,480,60,7,70,168,Medium Fast,Sandygast,False,False,False,False,False,False,False,0.5,15,0.0,1.0,2.0,0.0,2.0,2.0,0.0,0.25,1.0,1.0,1.0,0.5,0.5,2.0,1.0,2.0,1.0,1.0
771,Pyukumuku,Water, ,0.3,1.2,55,60,130,410,60,7,70,144,Fast, ,False,False,False,False,False,False,False,0.5,15,1.0,0.5,0.5,2.0,2.0,0.5,1.0,1.0,1.0,1.0,1.0,1.0,1.0,1.0,1.0,1.0,0.5,1.0
772,Type: Null,Normal, ,1.9,120.5,95,95,95,534,3,7,0,107,Slow, ,False,False,False,False,True,False,True,0.0,120,1.0,1.0,1.0,1.0,1.0,1.0,2.0,1.0,1.0,1.0,1.0,1.0,1.0,0.0,1.0,1.0,1.0,1.0
773,Silvally,Normal, ,2.3,100.5,95,95,95,570,3,7,0,257,Slow,Type Null,False,False,False,False,True,False,True,0.0,120,1.0,1.0,1.0,1.0,1.0,1.0,2.0,1.0,1.0,1.0,1.0,1.0,1.0,0.0,1.0,1.0,1.0,1.0
774,Minior Blue,Rock,Flying,0.3,0.3,60,100,60,500,30,7,70,175,Medium Slow, ,False,False,False,False,False,False,True,0.0,25,0.5,0.5,2.0,2.0,1.0,2.0,1.0,0.5,0.0,0.5,1.0,0.5,2.0,1.0,1.0,1.0,2.0,1.0
775,Komala,Normal, ,0.4,19.9,65,115,65,480,45,7,70,168,Slow, ,False,False,False,False,False,False,False,0.5,20,1.0,1.0,1.0,1.0,1.0,1.0,2.0,1.0,1.0,1.0,1.0,1.0,1.0,0.0,1.0,1.0,1.0,1.0
776,Turtonator,Fire,Dragon,2.0,212.0,60,78,135,485,70,7,70,170,Medium Fast, ,False,False,False,False,False,False,False,0.5,20,1.0,0.25,1.0,0.5,0.25,1.0,1.0,1.0,2.0,1.0,1.0,0.5,2.0,1.0,2.0,1.0,0.5,1.0
777,Togedemaru,Electric,Steel,0.3,3.3,65,98,63,435,180,7,70,152,Medium Fast, ,False,False,False,False,False,False,False,0.5,10,0.5,2.0,1.0,0.5,0.5,0.5,2.0,0.0,4.0,0.25,0.5,0.5,0.5,1.0,0.5,1.0,0.25,0.5
778,Mimikyu Busted,Ghost,Fairy,0.2,0.7,55,90,80,476,45,7,70,167,Medium Fast, ,False,False,False,False,False,False,False,0.5,20,0.0,1.0,1.0,1.0,1.0,1.0,0.0,1.0,1.0,1.0,1.0,0.25,1.0,2.0,0.0,1.0,2.0,1.0
779,Bruxish,Water,Psychic,0.9,19.0,68,105,70,475,80,7,70,166,Medium Fast, ,False,False,False,False,False,False,False,0.5,15,1.0,0.5,0.5,2.0,2.0,0.5,0.5,1.0,1.0,1.0,0.5,2.0,1.0,2.0,1.0,2.0,0.5,1.0
780,Drampa,Normal,Dragon,3.0,185.0,78,60,85,485,70,7,70,170,Medium Fast, ,False,False,False,False,False,False,False,0.5,20,1.0,0.5,0.5,0.5,0.5,2.0,2.0,1.0,1.0,1.0,1.0,1.0,1.0,0.0,2.0,1.0,1.0,2.0
781,Dhelmise,Ghost,Grass,3.9,210.0,70,131,100,517,25,7,70,181,Medium Fast, ,False,False,False,False,False,False,True,0.0,25,0.0,2.0,0.5,0.5,0.5,2.0,0.0,1.0,0.5,2.0,1.0,1.0,1.0,2.0,1.0,2.0,1.0,1.0
782,Jangmo-o,Dragon, ,0.6,29.7,45,55,65,300,45,7,70,60,Slow, ,False,False,False,False,False,False,False,0.5,40,1.0,0.5,0.5,0.5,0.5,2.0,1.0,1.0,1.0,1.0,1.0,1.0,1.0,1.0,2.0,1.0,1.0,2.0
783,Hakamo-o,Dragon,Fighting,1.2,47.0,55,75,90,420,45,7,70,147,Slow,Jangmo O,False,False,False,False,False,False,False,0.5,40,1.0,0.5,0.5,0.5,0.5,2.0,1.0,1.0,1.0,2.0,2.0,0.5,0.5,1.0,2.0,0.5,1.0,4.0
784,Kommo-o,Dragon,Fighting,1.6,78.2,75,110,125,600,45,7,70,270,Slow,Hakamo O,False,False,False,False,False,False,False,0.5,40,1.0,0.5,0.5,0.5,0.5,2.0,1.0,1.0,1.0,2.0,2.0,0.5,0.5,1.0,2.0,0.5,1.0,4.0
785,Tapu Koko,Electric,Fairy,1.8,20.5,70,115,85,570,3,7,70,257,Slow, ,False,False,False,False,True,False,True,0.0,15,1.0,1.0,1.0,0.5,1.0,1.0,0.5,2.0,2.0,0.5,1.0,0.5,1.0,1.0,0.0,0.5,1.0,1.0
786,Tapu Lele,Psychic,Fairy,1.2,18.6,70,85,75,570,3,7,70,257,Slow, ,False,False,False,False,True,False,True,0.0,15,1.0,1.0,1.0,1.0,1.0,1.0,0.25,2.0,1.0,1.0,0.5,1.0,1.0,2.0,0.0,1.0,2.0,1.0
787,Tapu Bulu,Grass,Fairy,1.9,45.5,70,130,115,570,3,7,70,257,Slow, ,False,False,False,False,True,False,True,0.0,15,1.0,2.0,0.5,0.5,0.5,2.0,0.5,4.0,0.5,2.0,1.0,1.0,1.0,1.0,0.0,0.5,2.0,1.0
788,Tapu Fini,Water,Fairy,1.3,21.2,70,75,115,570,3,7,70,257,Slow, ,False,False,False,False,True,False,True,0.0,15,1.0,0.5,0.5,2.0,2.0,0.5,0.5,2.0,1.0,1.0,1.0,0.5,1.0,1.0,0.0,0.5,1.0,1.0
789,Cosmog,Psychic, ,0.2,0.1,43,29,31,200,45,7,0,40,Slow, ,False,False,False,False,True,False,True,0.0,120,1.0,1.0,1.0,1.0,1.0,1.0,0.5,1.0,1.0,1.0,0.5,2.0,1.0,2.0,1.0,2.0,1.0,1.0
790,Cosmoem,Psychic, ,0.1,999.9,43,29,131,400,45,7,0,140,Slow,Cosmog,False,False,False,False,True,False,True,0.0,120,1.0,1.0,1.0,1.0,1.0,1.0,0.5,1.0,1.0,1.0,0.5,2.0,1.0,2.0,1.0,2.0,1.0,1.0
791,Solgaleo,Psychic,Steel,3.4,230.0,137,137,107,680,45,7,0,306,Slow,Cosmoem,False,False,False,False,True,False,True,0.0,120,0.5,2.0,1.0,1.0,0.5,0.5,1.0,0.0,2.0,0.5,0.25,1.0,0.5,2.0,0.5,2.0,0.5,0.5
792,Lunala,Psychic,Ghost,4.0,120.0,137,113,89,680,45,7,0,306,Slow,Cosmoem,False,False,False,False,True,False,True,0.0,120,0.0,1.0,1.0,1.0,1.0,1.0,0.0,0.5,1.0,1.0,0.5,1.0,1.0,4.0,1.0,4.0,1.0,1.0
793,Nihilego,Rock,Poison,1.2,55.5,109,53,47,570,45,7,0,257,Slow, ,False,False,False,False,True,False,True,0.0,120,0.5,0.5,2.0,1.0,1.0,1.0,1.0,0.25,4.0,0.5,2.0,0.5,1.0,1.0,1.0,1.0,2.0,0.5
794,Buzzwole,Bug,Fighting,2.4,333.6,107,139,139,570,45,7,0,257,Slow, ,False,False,False,False,True,False,True,0.0,120,1.0,2.0,1.0,1.0,0.5,1.0,0.5,1.0,0.5,4.0,2.0,0.5,1.0,1.0,1.0,0.5,1.0,2.0
795,Pheromosa,Bug,Fighting,1.8,25.0,71,137,37,570,45,7,0,257,Slow, ,False,False,False,False,True,False,True,0.0,120,1.0,2.0,1.0,1.0,0.5,1.0,0.5,1.0,0.5,4.0,2.0,0.5,1.0,1.0,1.0,0.5,1.0,2.0
796,Xurkitree,Electric, ,3.8,100.0,83,89,71,570,45,7,0,257,Slow, ,False,False,False,False,True,False,True,0.0,120,1.0,1.0,1.0,0.5,1.0,1.0,1.0,1.0,2.0,0.5,1.0,1.0,1.0,1.0,1.0,1.0,0.5,1.0
797,Celesteela,Steel,Flying,9.2,999.9,97,101,103,570,45,7,0,257,Slow, ,False,False,False,False,True,False,True,0.0,120,0.5,2.0,1.0,2.0,0.25,1.0,1.0,0.0,0.0,0.5,0.5,0.25,1.0,1.0,0.5,1.0,0.5,0.5
798,Kartana,Grass,Steel,0.3,0.1,59,181,131,570,45,7,0,257,Slow, ,False,False,False,False,True,False,True,0.0,120,0.5,4.0,0.5,0.5,0.25,1.0,2.0,0.0,1.0,1.0,0.5,1.0,0.5,1.0,0.5,1.0,0.5,0.5
799,Guzzlord,Dark,Dragon,5.5,888.0,223,101,53,570,45,7,0,257,Slow, ,False,False,False,False,True,False,True,0.0,120,1.0,0.5,0.5,0.5,0.5,2.0,2.0,1.0,1.0,1.0,0.0,2.0,1.0,0.5,2.0,0.5,1.0,4.0
800,Necrozma,Psychic, ,2.4,230.0,97,107,101,600,255,7,0,270,Slow, ,False,False,False,False,True,False,True,0.0,120,1.0,1.0,1.0,1.0,1.0,1.0,0.5,1.0,1.0,1.0,0.5,2.0,1.0,2.0,1.0,2.0,1.0,1.0
801,Magearna,Steel,Fairy,1.0,80.5,80,95,115,600,3,7,0,270,Slow, ,False,False,False,False,False,True,True,0.0,120,0.5,2.0,1.0,1.0,0.5,0.5,1.0,0.0,2.0,0.5,0.5,0.25,0.5,1.0,0.0,0.5,1.0,0.5
802,Marshadow,Fighting,Ghost,0.7,22.2,90,125,80,600,3,7,0,270,Slow, ,False,False,False,False,False,True,True,0.0,120,0.0,1.0,1.0,1.0,1.0,1.0,0.0,0.5,1.0,2.0,2.0,0.25,0.5,2.0,1.0,1.0,1.0,2.0
803,Poipole,Poison, ,0.6,1.8,67,73,67,420,45,7,0,189,Slow, ,False,False,False,False,True,False,True,0.0,120,1.0,1.0,1.0,1.0,0.5,1.0,0.5,0.5,2.0,1.0,2.0,0.5,1.0,1.0,1.0,1.0,1.0,0.5
804,Naganadel,Poison,Dragon,3.6,150.0,73,73,73,540,45,7,0,243,Slow,Poipole,False,False,False,False,True,False,True,0.0,120,1.0,0.5,0.5,0.5,0.25,2.0,0.5,0.5,2.0,1.0,2.0,0.5,1.0,1.0,2.0,1.0,1.0,1.0
805,Stakataka,Rock,Steel,5.5,820.0,61,131,211,570,30,7,0,257,Slow, ,False,False,False,False,True,False,True,0.0,120,0.25,1.0,2.0,1.0,1.0,0.5,4.0,0.0,4.0,0.25,0.5,0.5,0.5,1.0,0.5,1.0,1.0,0.5
806,Blacephalon,Fire,Ghost,1.8,13.0,53,127,53,570,30,7,0,257,Slow, ,False,False,False,False,True,False,True,0.0,120,0.0,0.5,2.0,1.0,0.5,0.5,0.0,0.5,2.0,1.0,1.0,0.25,2.0,2.0,1.0,2.0,0.5,0.5
807,Zeraora,Electric, ,1.5,44.5,88,112,75,600,3,7,0,270,Slow, ,False,False,False,False,True,True,True,0.0,120,1.0,1.0,1.0,0.5,1.0,1.0,1.0,1.0,2.0,0.5,1.0,1.0,1.0,1.0,1.0,1.0,0.5,1.0
808,Meltan,Steel, ,0.2,8.0,46,65,65,300,3,7,0,135,Slow, ,False,False,False,False,False,True,True,0.0,120,0.5,2.0,1.0,1.0,0.5,0.5,2.0,0.0,2.0,0.5,0.5,0.5,0.5,1.0,0.5,1.0,0.5,0.5
809,Melmetal,Steel, ,2.5,800.0,135,143,143,600,3,7,0,270,Slow,Meltan,False,False,False,False,False,True,True,0.0,120,0.5,2.0,1.0,1.0,0.5,0.5,2.0,0.0,2.0,0.5,0.5,0.5,0.5,1.0,0.5,1.0,0.5,0.5
810,Grookey,Grass, ,0.3,5.0,50,65,50,310,45,8,50,62,Medium Slow, ,False,False,False,False,False,False,False,0.125,20,1.0,2.0,0.5,0.5,0.5,2.0,1.0,2.0,0.5,2.0,1.0,2.0,1.0,1.0,1.0,1.0,1.0,1.0
811,Thwackey,Grass, ,0.7,14.0,70,85,70,420,45,8,50,147,Medium Slow,Grookey,False,False,False,False,False,False,False,0.125,20,1.0,2.0,0.5,0.5,0.5,2.0,1.0,2.0,0.5,2.0,1.0,2.0,1.0,1.0,1.0,1.0,1.0,1.0
812,Rillaboom,Grass, ,2.1,90.0,100,125,90,530,45,8,50,265,Medium Slow,Thwackey,False,False,False,False,False,False,False,0.125,20,1.0,2.0,0.5,0.5,0.5,2.0,1.0,2.0,0.5,2.0,1.0,2.0,1.0,1.0,1.0,1.0,1.0,1.0
813,Scorbunny,Fire, ,0.3,4.5,50,71,40,310,45,8,50,62,Medium Slow, ,False,False,False,False,False,False,False,0.125,20,1.0,0.5,2.0,1.0,0.5,0.5,1.0,1.0,2.0,1.0,1.0,0.5,2.0,1.0,1.0,1.0,0.5,0.5
814,Raboot,Fire, ,0.6,9.0,65,86,60,420,45,8,50,147,Medium Slow,Scorbunny,False,False,False,False,False,False,False,0.125,20,1.0,0.5,2.0,1.0,0.5,0.5,1.0,1.0,2.0,1.0,1.0,0.5,2.0,1.0,1.0,1.0,0.5,0.5
815,Cinderace,Fire, ,1.4,33.0,80,116,75,530,45,8,50,265,Medium Slow,Raboot,False,False,False,False,False,False,False,0.125,20,1.0,0.5,2.0,1.0,0.5,0.5,1.0,1.0,2.0,1.0,1.0,0.5,2.0,1.0,1.0,1.0,0.5,0.5
816,Sobble,Water, ,0.3,4.0,50,40,40,310,45,8,50,62,Medium Slow, ,False,False,False,False,False,False,False,0.125,20,1.0,0.5,0.5,2.0,2.0,0.5,1.0,1.0,1.0,1.0,1.0,1.0,1.0,1.0,1.0,1.0,0.5,1.0
817,Drizzile,Water, ,0.7,11.5,65,60,55,420,45,8,50,147,Medium Slow,Sobble,False,False,False,False,False,False,False,0.125,20,1.0,0.5,0.5,2.0,2.0,0.5,1.0,1.0,1.0,1.0,1.0,1.0,1.0,1.0,1.0,1.0,0.5,1.0
818,Inteleon,Water, ,1.9,45.2,70,85,65,530,45,8,50,265,Medium Slow,Drizzile,False,False,False,False,False,False,False,0.125,20,1.0,0.5,0.5,2.0,2.0,0.5,1.0,1.0,1.0,1.0,1.0,1.0,1.0,1.0,1.0,1.0,0.5,1.0
819,Skwovet,Normal, ,0.3,2.5,70,55,55,275,255,8,50,55,Medium Fast, ,False,False,False,False,False,False,False,0.5,20,1.0,1.0,1.0,1.0,1.0,1.0,2.0,1.0,1.0,1.0,1.0,1.0,1.0,0.0,1.0,1.0,1.0,1.0
820,Greedent,Normal, ,0.6,6.0,120,95,95,460,90,8,50,161,Medium Fast,Skwovet,False,False,False,False,False,False,False,0.5,20,1.0,1.0,1.0,1.0,1.0,1.0,2.0,1.0,1.0,1.0,1.0,1.0,1.0,0.0,1.0,1.0,1.0,1.0
821,Rookidee,Flying, ,0.2,1.8,38,47,35,245,255,8,50,49,Medium Slow, ,False,False,False,False,False,False,False,0.5,15,1.0,1.0,1.0,2.0,0.5,2.0,0.5,1.0,0.0,1.0,1.0,0.5,2.0,1.0,1.0,1.0,1.0,1.0
822,Corvisquire,Flying, ,0.8,16.0,68,67,55,365,120,8,50,128,Medium Slow,Rookidee,False,False,False,False,False,False,False,0.5,15,1.0,1.0,1.0,2.0,0.5,2.0,0.5,1.0,0.0,1.0,1.0,0.5,2.0,1.0,1.0,1.0,1.0,1.0
823,Corviknight,Flying,Steel,2.2,75.0,98,87,105,495,45,8,50,248,Medium Slow,Corvisquire,False,False,False,False,False,False,False,0.5,15,0.5,2.0,1.0,2.0,0.25,1.0,1.0,0.0,0.0,0.5,0.5,0.25,1.0,1.0,0.5,1.0,0.5,0.5
824,Blipbug,Bug, ,0.4,8.0,25,20,20,180,255,8,50,36,Medium Fast, ,False,False,False,False,False,False,False,0.5,15,1.0,2.0,1.0,1.0,0.5,1.0,0.5,1.0,0.5,2.0,1.0,1.0,2.0,1.0,1.0,1.0,1.0,1.0
825,Dottler,Bug,Psychic,0.4,19.5,50,35,80,335,120,8,50,117,Medium Fast,Blipbug,False,False,False,False,False,False,False,0.5,15,1.0,2.0,1.0,1.0,0.5,1.0,0.25,1.0,0.5,2.0,0.5,2.0,2.0,2.0,1.0,2.0,1.0,1.0
826,Orbeetle,Bug,Psychic,0.4,40.8,60,45,110,505,45,8,50,253,Medium Fast,Dottler,False,False,False,False,False,False,False,0.5,15,1.0,2.0,1.0,1.0,0.5,1.0,0.25,1.0,0.5,2.0,0.5,2.0,2.0,2.0,1.0,2.0,1.0,1.0
827,Nickit,Dark, ,0.6,8.9,40,28,28,245,255,8,50,49,Fast, ,False,False,False,False,False,False,False,0.5,15,1.0,1.0,1.0,1.0,1.0,1.0,2.0,1.0,1.0,1.0,0.0,2.0,1.0,0.5,1.0,0.5,1.0,2.0
828,Thievul,Dark, ,1.2,19.9,70,58,58,455,127,8,50,159,Fast,Nickit,False,False,False,False,False,False,False,0.5,15,1.0,1.0,1.0,1.0,1.0,1.0,2.0,1.0,1.0,1.0,0.0,2.0,1.0,0.5,1.0,0.5,1.0,2.0
829,Gossifleur,Grass, ,0.4,2.2,40,40,60,250,190,8,50,50,Medium Fast, ,False,False,False,False,False,False,False,0.5,20,1.0,2.0,0.5,0.5,0.5,2.0,1.0,2.0,0.5,2.0,1.0,2.0,1.0,1.0,1.0,1.0,1.0,1.0
830,Eldegoss,Grass, ,0.5,2.5,60,50,90,460,75,8,50,161,Medium Fast,Gossifleur,False,False,False,False,False,False,False,0.5,20,1.0,2.0,0.5,0.5,0.5,2.0,1.0,2.0,0.5,2.0,1.0,2.0,1.0,1.0,1.0,1.0,1.0,1.0
831,Wooloo,Normal, ,0.6,6.0,42,40,55,270,255,8,50,122,Medium Fast, ,False,False,False,False,False,False,False,0.5,15,1.0,1.0,1.0,1.0,1.0,1.0,2.0,1.0,1.0,1.0,1.0,1.0,1.0,0.0,1.0,1.0,1.0,1.0
832,Dubwool,Normal, ,1.3,43.0,72,80,100,490,127,8,50,172,Medium Fast,Wooloo,False,False,False,False,False,False,False,0.5,15,1.0,1.0,1.0,1.0,1.0,1.0,2.0,1.0,1.0,1.0,1.0,1.0,1.0,0.0,1.0,1.0,1.0,1.0
833,Chewtle,Water, ,0.3,8.5,50,64,50,284,255,8,50,57,Medium Fast, ,False,False,False,False,False,False,False,0.5,20,1.0,0.5,0.5,2.0,2.0,0.5,1.0,1.0,1.0,1.0,1.0,1.0,1.0,1.0,1.0,1.0,0.5,1.0
834,Drednaw,Water,Rock,1.0,115.5,90,115,90,485,75,8,50,170,Medium Fast,Chewtle,False,False,False,False,False,False,False,0.5,20,0.5,0.25,1.0,2.0,4.0,0.5,2.0,0.5,2.0,0.5,1.0,1.0,1.0,1.0,1.0,1.0,1.0,1.0
835,Yamper,Electric, ,0.3,13.5,59,45,50,270,255,8,50,54,Fast, ,False,False,False,False,False,False,False,0.5,20,1.0,1.0,1.0,0.5,1.0,1.0,1.0,1.0,2.0,0.5,1.0,1.0,1.0,1.0,1.0,1.0,0.5,1.0
836,Boltund,Electric, ,1.0,34.0,69,90,60,490,45,8,50,172,Fast,Yamper,False,False,False,False,False,False,False,0.5,20,1.0,1.0,1.0,0.5,1.0,1.0,1.0,1.0,2.0,0.5,1.0,1.0,1.0,1.0,1.0,1.0,0.5,1.0
837,Rolycoly,Rock, ,0.3,12.0,30,40,50,240,255,8,50,48,Medium Slow, ,False,False,False,False,False,False,False,0.5,15,0.5,0.5,2.0,1.0,2.0,1.0,2.0,0.5,2.0,0.5,1.0,1.0,1.0,1.0,1.0,1.0,2.0,1.0
838,Carkol,Rock,Fire,1.1,78.0,80,60,90,410,120,8,50,144,Medium Slow,Rolycoly,False,False,False,False,False,False,False,0.5,15,0.5,0.25,4.0,1.0,1.0,0.5,2.0,0.5,4.0,0.5,1.0,0.5,2.0,1.0,1.0,1.0,1.0,0.5
839,Coalossal,Rock,Fire,2.8,310.5,110,80,120,510,45,8,50,255,Medium Slow,Carkol,False,False,False,False,False,False,False,0.5,15,0.5,0.25,4.0,1.0,1.0,0.5,2.0,0.5,4.0,0.5,1.0,0.5,2.0,1.0,1.0,1.0,1.0,0.5
840,Applin,Grass,Dragon,0.2,0.5,40,40,80,260,255,8,50,52,Erratic, ,False,False,False,False,False,False,False,0.5,20,1.0,1.0,0.25,0.25,0.25,4.0,1.0,2.0,0.5,2.0,1.0,2.0,1.0,1.0,2.0,1.0,1.0,2.0
841,Flapple,Grass,Dragon,0.3,1.0,70,110,80,485,45,8,50,170,Erratic,Applin,False,False,False,False,False,False,False,0.5,20,1.0,1.0,0.25,0.25,0.25,4.0,1.0,2.0,0.5,2.0,1.0,2.0,1.0,1.0,2.0,1.0,1.0,2.0
842,Appletun,Grass,Dragon,0.4,13.0,110,85,80,485,45,8,50,170,Erratic,Applin,False,False,False,False,False,False,False,0.5,20,1.0,1.0,0.25,0.25,0.25,4.0,1.0,2.0,0.5,2.0,1.0,2.0,1.0,1.0,2.0,1.0,1.0,2.0
843,Silicobra,Ground, ,2.2,7.6,52,57,75,315,255,8,50,63,Medium Fast, ,False,False,False,False,False,False,False,0.5,20,1.0,1.0,2.0,0.0,2.0,2.0,1.0,0.5,1.0,1.0,1.0,1.0,0.5,1.0,1.0,1.0,1.0,1.0
844,Sandaconda,Ground, ,3.8,65.5,72,107,125,510,120,8,50,179,Medium Fast,Silicobra,False,False,False,False,False,False,False,0.5,20,1.0,1.0,2.0,0.0,2.0,2.0,1.0,0.5,1.0,1.0,1.0,1.0,0.5,1.0,1.0,1.0,1.0,1.0
845,Cramorant,Flying,Water,0.8,18.0,70,85,55,475,45,8,50,166,Medium Fast, ,False,False,False,False,False,False,False,0.5,20,1.0,0.5,0.5,4.0,1.0,1.0,0.5,1.0,0.0,1.0,1.0,0.5,2.0,1.0,1.0,1.0,0.5,1.0
846,Arrokuda,Water, ,0.5,1.0,41,63,40,280,255,8,50,56,Slow, ,False,False,False,False,False,False,False,0.5,20,1.0,0.5,0.5,2.0,2.0,0.5,1.0,1.0,1.0,1.0,1.0,1.0,1.0,1.0,1.0,1.0,0.5,1.0
847,Barraskewda,Water, ,1.3,30.0,61,123,60,490,60,8,50,172,Slow,Arrokuda,False,False,False,False,False,False,False,0.5,20,1.0,0.5,0.5,2.0,2.0,0.5,1.0,1.0,1.0,1.0,1.0,1.0,1.0,1.0,1.0,1.0,0.5,1.0
848,Toxel,Electric,Poison,0.4,11.0,40,38,35,242,75,8,50,48,Medium Slow, ,False,False,False,False,False,False,False,0.5,25,1.0,1.0,1.0,0.5,0.5,1.0,0.5,0.5,4.0,0.5,2.0,0.5,1.0,1.0,1.0,1.0,0.5,0.5
849,Toxtricity Amped,Electric,Poison,1.6,40.0,75,98,70,502,45,8,50,176,Medium Slow,Toxel,False,False,False,False,False,False,False,0.5,25,1.0,1.0,1.0,0.5,0.5,1.0,0.5,0.5,4.0,0.5,2.0,0.5,1.0,1.0,1.0,1.0,0.5,0.5
850,Sizzlipede,Fire,Bug,0.7,1.0,50,65,45,305,190,8,50,61,Medium Fast, ,False,False,False,False,False,False,False,0.5,20,1.0,1.0,2.0,1.0,0.25,0.5,0.5,1.0,1.0,2.0,1.0,0.5,4.0,1.0,1.0,1.0,0.5,0.5
851,Centiskorch,Fire,Bug,3.0,120.0,100,115,65,525,75,8,50,184,Medium Fast,Sizzlipede,False,False,False,False,False,False,False,0.5,20,1.0,1.0,2.0,1.0,0.25,0.5,0.5,1.0,1.0,2.0,1.0,0.5,4.0,1.0,1.0,1.0,0.5,0.5
852,Clobbopus,Fighting, ,0.6,4.0,50,68,60,310,180,8,50,62,Medium Slow, ,False,False,False,False,False,False,False,0.5,25,1.0,1.0,1.0,1.0,1.0,1.0,1.0,1.0,1.0,2.0,2.0,0.5,0.5,1.0,1.0,0.5,1.0,2.0
853,Grapploct,Fighting, ,1.6,39.0,80,118,90,480,45,8,50,168,Medium Slow,Clobbopus,False,False,False,False,False,False,False,0.5,25,1.0,1.0,1.0,1.0,1.0,1.0,1.0,1.0,1.0,2.0,2.0,0.5,0.5,1.0,1.0,0.5,1.0,2.0
854,Sinistea,Ghost, ,0.1,0.2,40,45,45,308,120,8,50,62,Medium Fast, ,False,False,False,False,False,False,True,0.0,20,0.0,1.0,1.0,1.0,1.0,1.0,0.0,0.5,1.0,1.0,1.0,0.5,1.0,2.0,1.0,2.0,1.0,1.0
855,Polteageist,Ghost, ,0.2,0.4,60,65,65,508,60,8,50,178,Medium Fast,Sinistea,False,False,False,False,False,False,True,0.0,20,0.0,1.0,1.0,1.0,1.0,1.0,0.0,0.5,1.0,1.0,1.0,0.5,1.0,2.0,1.0,2.0,1.0,1.0
856,Hatenna,Psychic, ,0.4,3.4,42,30,45,265,235,8,50,53,Slow, ,False,False,False,False,False,False,False,1.0,20,1.0,1.0,1.0,1.0,1.0,1.0,0.5,1.0,1.0,1.0,0.5,2.0,1.0,2.0,1.0,2.0,1.0,1.0
857,Hattrem,Psychic, ,0.6,4.8,57,40,65,370,120,8,50,130,Slow,Hatenna,False,False,False,False,False,False,False,1.0,20,1.0,1.0,1.0,1.0,1.0,1.0,0.5,1.0,1.0,1.0,0.5,2.0,1.0,2.0,1.0,2.0,1.0,1.0
858,Hatterene,Psychic,Fairy,2.1,5.0,57,90,95,510,45,8,50,255,Slow,Hattrem,False,False,False,False,False,False,False,1.0,20,1.0,1.0,1.0,1.0,1.0,1.0,0.25,2.0,1.0,1.0,0.5,1.0,1.0,2.0,0.0,1.0,2.0,1.0
859,Impidimp,Dark,Fairy,0.4,5.5,45,45,30,265,255,8,50,53,Medium Fast, ,False,False,False,False,False,False,False,0.0,20,1.0,1.0,1.0,1.0,1.0,1.0,1.0,2.0,1.0,1.0,0.0,1.0,1.0,0.5,0.0,0.25,2.0,2.0
860,Morgrem,Dark,Fairy,0.8,12.5,65,60,45,370,120,8,50,130,Medium Fast,Impidimp,False,False,False,False,False,False,False,0.0,20,1.0,1.0,1.0,1.0,1.0,1.0,1.0,2.0,1.0,1.0,0.0,1.0,1.0,0.5,0.0,0.25,2.0,2.0
861,Grimmsnarl,Dark,Fairy,1.5,61.0,95,120,65,510,45,8,50,255,Medium Fast,Morgrem,False,False,False,False,False,False,False,0.0,20,1.0,1.0,1.0,1.0,1.0,1.0,1.0,2.0,1.0,1.0,0.0,1.0,1.0,0.5,0.0,0.25,2.0,2.0
862,Obstagoon,Dark,Normal,1.6,46.0,93,90,101,520,45,8,50,260,Medium Fast,Linoone,False,False,False,False,False,False,False,0.5,15,1.0,1.0,1.0,1.0,1.0,1.0,4.0,1.0,1.0,1.0,0.0,2.0,1.0,0.0,1.0,0.5,1.0,2.0
863,Perrserker,Steel, ,0.8,28.0,70,110,100,440,90,8,50,154,Medium Fast,Meowth,False,False,False,False,False,False,False,0.5,20,0.5,2.0,1.0,1.0,0.5,0.5,2.0,0.0,2.0,0.5,0.5,0.5,0.5,1.0,0.5,1.0,0.5,0.5
864,Cursola,Ghost, ,1.0,0.4,60,95,50,510,30,8,50,179,Fast,Corsola,False,False,False,False,False,False,False,0.75,20,0.0,1.0,1.0,1.0,1.0,1.0,0.0,0.5,1.0,1.0,1.0,0.5,1.0,2.0,1.0,2.0,1.0,1.0
865,Sirfetch'd,Fighting, ,0.8,117.0,62,135,95,507,45,8,50,177,Medium Fast,Farfetchd,False,False,False,False,False,False,False,0.5,20,1.0,1.0,1.0,1.0,1.0,1.0,1.0,1.0,1.0,2.0,2.0,0.5,0.5,1.0,1.0,0.5,1.0,2.0
866,Mr. Rime,Ice,Psychic,1.5,58.2,80,85,75,520,45,8,50,182,Medium Fast,Mr Mime,False,False,False,False,False,False,False,0.5,25,1.0,2.0,1.0,1.0,1.0,0.5,1.0,1.0,1.0,1.0,0.5,2.0,2.0,2.0,1.0,2.0,2.0,1.0
867,Runerigus,Ground,Ghost,1.6,66.6,58,95,145,483,90,8,50,169,Medium Fast,Yamask,False,False,False,False,False,False,False,0.5,25,0.0,1.0,2.0,0.0,2.0,2.0,0.0,0.25,1.0,1.0,1.0,0.5,0.5,2.0,1.0,2.0,1.0,1.0
868,Milcery,Fairy, ,0.2,0.3,45,40,40,270,200,8,50,54,Medium Fast, ,False,False,False,False,False,False,False,1.0,20,1.0,1.0,1.0,1.0,1.0,1.0,0.5,2.0,1.0,1.0,1.0,0.5,1.0,1.0,0.0,0.5,2.0,1.0
869,Alcremie,Fairy, ,0.3,0.5,65,60,75,495,100,8,50,173,Medium Fast,Milcery,False,False,False,False,False,False,False,1.0,20,1.0,1.0,1.0,1.0,1.0,1.0,0.5,2.0,1.0,1.0,1.0,0.5,1.0,1.0,0.0,0.5,2.0,1.0
870,Falinks,Fighting, ,3.0,62.0,65,100,100,470,45,8,50,165,Medium Fast, ,False,False,False,False,False,False,True,0.0,25,1.0,1.0,1.0,1.0,1.0,1.0,1.0,1.0,1.0,2.0,2.0,0.5,0.5,1.0,1.0,0.5,1.0,2.0
871,Pincurchin,Electric, ,0.3,1.0,48,101,95,435,75,8,50,152,Medium Fast, ,False,False,False,False,False,False,False,0.5,20,1.0,1.0,1.0,0.5,1.0,1.0,1.0,1.0,2.0,0.5,1.0,1.0,1.0,1.0,1.0,1.0,0.5,1.0
872,Snom,Ice,Bug,0.3,3.8,30,25,35,185,190,8,50,37,Medium Fast, ,False,False,False,False,False,False,False,0.5,20,1.0,4.0,1.0,1.0,0.5,0.5,1.0,1.0,0.5,2.0,1.0,1.0,4.0,1.0,1.0,1.0,2.0,1.0
873,Frosmoth,Ice,Bug,1.3,42.0,70,65,60,475,75,8,50,168,Medium Fast,Snom,False,False,False,False,False,False,False,0.5,20,1.0,4.0,1.0,1.0,0.5,0.5,1.0,1.0,0.5,2.0,1.0,1.0,4.0,1.0,1.0,1.0,2.0,1.0
874,Stonjourner,Rock, ,2.5,520.0,100,125,135,470,60,8,50,165,Slow, ,False,False,False,False,False,False,False,0.5,25,0.5,0.5,2.0,1.0,2.0,1.0,2.0,0.5,2.0,0.5,1.0,1.0,1.0,1.0,1.0,1.0,2.0,1.0
875,Eiscue,Ice, ,1.4,89.0,75,80,110,470,60,8,50,165,Slow, ,False,False,False,False,False,False,False,0.5,25,1.0,2.0,1.0,1.0,1.0,0.5,2.0,1.0,1.0,1.0,1.0,1.0,2.0,1.0,1.0,1.0,2.0,1.0
876,Indeedee Female,Psychic,Normal,0.9,28.0,70,55,65,475,30,8,140,166,Fast, ,False,False,False,False,False,False,False,0.5,40,1.0,1.0,1.0,1.0,1.0,1.0,1.0,1.0,1.0,1.0,0.5,2.0,1.0,0.0,1.0,2.0,1.0,1.0
877,Morpeko,Electric,Dark,0.3,3.0,58,95,58,436,180,8,50,153,Medium Fast, ,False,False,False,False,False,False,False,0.5,10,1.0,1.0,1.0,0.5,1.0,1.0,2.0,1.0,2.0,0.5,0.0,2.0,1.0,0.5,1.0,0.5,0.5,2.0
878,Cufant,Steel, ,1.2,100.0,72,80,49,330,190,8,50,66,Medium Fast, ,False,False,False,False,False,False,False,0.5,25,0.5,2.0,1.0,1.0,0.5,0.5,2.0,0.0,2.0,0.5,0.5,0.5,0.5,1.0,0.5,1.0,0.5,0.5
879,Copperajah,Steel, ,3.0,650.0,122,130,69,500,90,8,50,175,Medium Fast,Cufant,False,False,False,False,False,False,False,0.5,25,0.5,2.0,1.0,1.0,0.5,0.5,2.0,0.0,2.0,0.5,0.5,0.5,0.5,1.0,0.5,1.0,0.5,0.5
880,Dracozolt,Electric,Dragon,1.8,190.0,90,100,90,505,45,8,50,177,Slow, ,False,False,False,False,False,False,True,0.0,35,1.0,0.5,0.5,0.25,0.5,2.0,1.0,1.0,2.0,0.5,1.0,1.0,1.0,1.0,2.0,1.0,0.5,2.0
881,Arctozolt,Electric,Ice,2.3,150.0,90,100,90,505,45,8,50,177,Slow, ,False,False,False,False,False,False,True,0.0,35,1.0,2.0,1.0,0.5,1.0,0.5,2.0,1.0,2.0,0.5,1.0,1.0,2.0,1.0,1.0,1.0,1.0,1.0
882,Dracovish,Water,Dragon,2.3,215.0,90,90,100,505,45,8,50,177,Slow, ,False,False,False,False,False,False,True,0.0,35,1.0,0.25,0.25,1.0,1.0,1.0,1.0,1.0,1.0,1.0,1.0,1.0,1.0,1.0,2.0,1.0,0.5,2.0
883,Arctovish,Water,Ice,2.0,175.0,90,90,100,505,45,8,50,177,Slow, ,False,False,False,False,False,False,True,0.0,35,1.0,1.0,0.5,2.0,2.0,0.25,2.0,1.0,1.0,1.0,1.0,1.0,2.0,1.0,1.0,1.0,1.0,1.0
884,Duraludon,Steel,Dragon,1.8,40.0,70,95,115,535,45,8,50,187,Medium Fast, ,False,False,False,False,False,False,False,0.5,30,0.5,1.0,0.5,0.5,0.25,1.0,2.0,0.0,2.0,0.5,0.5,0.5,0.5,1.0,1.0,1.0,0.5,1.0
885,Dreepy,Dragon,Ghost,0.5,2.0,28,60,30,270,45,8,50,54,Slow, ,False,False,False,False,False,False,False,0.5,40,0.0,0.5,0.5,0.5,0.5,2.0,0.0,0.5,1.0,1.0,1.0,0.5,1.0,2.0,2.0,2.0,1.0,2.0
886,Drakloak,Dragon,Ghost,1.4,11.0,68,80,50,410,45,8,50,144,Slow,Dreepy,False,False,False,False,False,False,False,0.5,40,0.0,0.5,0.5,0.5,0.5,2.0,0.0,0.5,1.0,1.0,1.0,0.5,1.0,2.0,2.0,2.0,1.0,2.0
887,Dragapult,Dragon,Ghost,3.0,50.0,88,120,75,600,45,8,50,300,Slow,Drakloak,False,False,False,False,False,False,False,0.5,40,0.0,0.5,0.5,0.5,0.5,2.0,0.0,0.5,1.0,1.0,1.0,0.5,1.0,2.0,2.0,2.0,1.0,2.0
888,Zacian Crowned Sword,Fairy,Steel,2.8,355.0,92,170,115,720,10,8,0,335,Slow, ,False,False,False,False,True,False,True,0.0,120,0.5,2.0,1.0,1.0,0.5,0.5,1.0,0.0,2.0,0.5,0.5,0.25,0.5,1.0,0.0,0.5,1.0,0.5
889,Zamazenta Crowned Shield,Fighting,Steel,2.9,785.0,92,130,145,720,10,8,0,335,Slow, ,False,False,False,False,True,False,True,0.0,120,0.5,2.0,1.0,1.0,0.5,0.5,2.0,0.0,2.0,1.0,1.0,0.25,0.25,1.0,0.5,0.5,0.5,1.0
890,Eternatus,Poison,Dragon,20.0,950.0,140,85,95,690,255,8,0,345,Slow, ,False,False,False,False,True,False,True,0.0,120,1.0,0.5,0.5,0.5,0.25,2.0,0.5,0.5,2.0,1.0,2.0,0.5,1.0,1.0,2.0,1.0,1.0,1.0
891,Kubfu,Fighting, ,0.6,12.0,60,90,60,385,3,8,50,77,Slow, ,False,False,False,False,True,False,False,0.125,120,1.0,1.0,1.0,1.0,1.0,1.0,1.0,1.0,1.0,2.0,2.0,0.5,0.5,1.0,1.0,0.5,1.0,2.0
892,Urshifu Rapid Strike,Fighting,Water,1.9,105.0,100,130,100,550,3,8,50,275,Slow,Kubfu,False,False,False,False,True,False,False,0.125,120,1.0,0.5,0.5,2.0,2.0,0.5,1.0,1.0,1.0,2.0,2.0,0.5,0.5,1.0,1.0,0.5,0.5,2.0
893,Zarude,Dark,Grass,1.8,70.0,105,120,105,600,3,8,0,300,Slow, ,False,False,False,False,False,True,True,0.0,120,1.0,2.0,0.5,0.5,0.5,2.0,2.0,2.0,0.5,2.0,0.0,4.0,1.0,0.5,1.0,0.5,1.0,2.0
894,Regieleki,Electric, ,1.2,145.0,80,100,50,580,3,8,35,290,Slow, ,False,False,False,False,True,False,True,0.0,120,1.0,1.0,1.0,0.5,1.0,1.0,1.0,1.0,2.0,0.5,1.0,1.0,1.0,1.0,1.0,1.0,0.5,1.0
895,Regidrago,Dragon, ,2.1,200.0,200,100,50,580,3,8,35,290,Slow, ,False,False,False,False,True,False,True,0.0,120,1.0,0.5,0.5,0.5,0.5,2.0,1.0,1.0,1.0,1.0,1.0,1.0,1.0,1.0,2.0,1.0,1.0,2.0
896,Glastrier,Ice, ,2.2,800.0,100,145,130,580,3,8,35,290,Slow, ,False,False,False,False,True,False,True,0.0,120,1.0,2.0,1.0,1.0,1.0,0.5,2.0,1.0,1.0,1.0,1.0,1.0,2.0,1.0,1.0,1.0,2.0,1.0
897,Spectrier,Ghost, ,2.0,44.5,100,65,60,580,3,8,35,290,Slow, ,False,False,False,False,True,False,True,0.0,120,0.0,1.0,1.0,1.0,1.0,1.0,0.0,0.5,1.0,1.0,1.0,0.5,1.0,2.0,1.0,2.0,1.0,1.0
898,Calyrex,Psychic,Grass,1.1,7.7,100,80,80,500,3,8,100,250,Slow, ,False,False,False,True,True,False,True,0.0,120,1.0,2.0,0.5,0.5,0.5,2.0,0.5,2.0,0.5,2.0,0.5,4.0,1.0,2.0,1.0,2.0,1.0,1.0
